resp_id,date,duration_sec,flag_long_time,year,program,school,level,decision,olympiads,english_level,hours_planned,hours_last_year,work_plans,work_related,travel_time,tournament_interest,confidence,difficulties,difficulties_other,priorities,priorities_other,thoughts_transfer,thoughts_transfer_other,missing,missing_other,about_you,about_you_other,games_team,games_team_other,games_solo,games_solo_other,games_mobile,games_mobile_other,games_intellectual,games_intellectual_other,expectations,transfer_influences,extracurricular,special_needs,hours_planned_num,hours_last_year_num,hours_change,travel_min_num,plans_to_work,retention_status,retention_risk
39,2026-09-10 17:48:28,1495,False,1 курс,Архитектурное проектирование и реконструкция зданий,МАРШ,,Решал(а) самостоятельно,Нет,Читаю и говорю свободно,1–5,,пока не знаю,,60–90 минут,Нет,4,Организация собственного времени; Дорога и режим дня,,Собрать портфолио; Собственный проект; Подтянуть базовые навыки,,,,,,Участвую в творческих или общественных проектах,,Overwatch 2,,,,,,,,высокие. заинтересован,,любых музыкальных активностях,Нет,3,,,75,Пока не знают,,
2,2026-09-10 12:12:12,212,False,1 курс,Бренд-менеджмент и маркетинг в креативных индустриях,БВШД,Бакалавриат,Решал(а) самостоятельно,Нет,"Читаю и говорю со словарём, понимаю основное",6–10,,до 10 часов в неделю,"да, по специальности",до 30 минут,"Да, участвовать",5,Совмещение учёбы с работой; Английский язык,,Закрыть сессии без задолженностей; Работа по специальности; Собственный проект,,,,,,Играю в командные компьютерные игры; Занимаюсь спортом,,CS2; Valorant,Minecraft,,,,,,,Получу огромное кол-во фидбэка по своей работе,,-,Нет,8,,,15,Работают или планируют работать,,
3,2026-09-10 12:15:54,323,False,1 курс,Бренд-менеджмент и маркетинг в креативных индустриях,БВШД,Бакалавриат,"В основном сам(а), посоветовавшись с семьёй",Нет,Читаю и говорю свободно,6–10,,до 10 часов в неделю,"нет, ради заработка",60–90 минут,"Да, участвовать",3,Объём и темп нагрузки; Совмещение учёбы с работой; Дорога и режим дня,,"Закрыть сессии без задолженностей; Подтянуть базовые навыки; Найти круг общения, влиться в среду",,,,,,Занимаюсь спортом; Участвую в творческих или общественных проектах,,Не играю в игры этой категории,,Не играю в игры этой категории,,Не играю в игры этой категории,,квизы,,"Надеюсь, что учёба будет интересной, нагрузка - не слишком большой, чтобы успевать работать и заниматься своими делами. Также надеюсь наладить контакт с одногруппниками",,"Возможно, хотела бы вступить в студенческий совет, поучаствовать в спортивных/творческих мероприятиях",Нет,8,,,75,Работают или планируют работать,,
8,2026-09-10 12:23:07,426,False,1 курс,Бренд-менеджмент и маркетинг в креативных индустриях,БВШД,Бакалавриат,Решали вместе с родителями или семьёй на равных,Призёр или победитель школьного либо регионального этапа,Читаю и говорю свободно,6–10,,11–20 часов в неделю,смежная сфера,60–90 минут,"Да, участвовать",4,"Работа с источниками, тексты; Сессия и экзамены; Общение с однокурсниками",,Закрыть сессии без задолженностей; Стажировка; Собственный проект,,,,,,Участвую в творческих или общественных проектах,,Не играю в игры этой категории,,Не играю в игры этой категории,,,Из мобильных игр я предпочитаю судоку,шашки,Судоку,"Очень жду начало учебного года, хочу выжать максимум!",,,Нет,8,,,75,Работают или планируют работать,,
9,2026-09-10 12:24:11,325,False,1 курс,Бренд-менеджмент и маркетинг в креативных индустриях,БВШД,Бакалавриат,Решал(а) самостоятельно,Нет,Читаю и говорю свободно,6–10,,21–30 часов в неделю,смежная сфера,30–60 минут,"Да, приходить как зритель",4,Организация собственного времени; Публичные защиты и выступления; Общение с однокурсниками,,"Закрыть сессии без задолженностей; Собрать портфолио; Найти круг общения, влиться в среду",,,,,,Играю в командные компьютерные игры; Играю в шахматы или другие интеллектуальные игры; Занимаюсь спортом,,,Спортивная мафия,Не играю в игры этой категории,,Не играю в игры этой категории,,,Спортивная мафия,,,"интеллектуальные игры: чгк, брейн ринг и тд",Да,8,,,45,Работают или планируют работать,,
16,2026-09-10 12:38:14,171,False,1 курс,Бренд-менеджмент и маркетинг в креативных индустриях,БВШД,Бакалавриат,Решал(а) самостоятельно,Призёр или победитель школьного либо регионального этапа,Читаю и говорю свободно,11–15,,пока не знаю,,до 30 минут,"Да, приходить как зритель",5,"Усвоение учебного материала; Объём и темп нагрузки; Работа с источниками, тексты",,"Закрыть сессии без задолженностей; Подтянуть базовые навыки; Найти круг общения, влиться в среду",,,,,,Играю в шахматы или другие интеллектуальные игры; Занимаюсь спортом; Участвую в творческих или общественных проектах,,,Шахматы,osu!,,,,,,,,,Нет,13,,,15,Пока не знают,,
18,2026-09-10 12:45:01,561,False,1 курс,Бренд-менеджмент и маркетинг в креативных индустриях,БВШД,Бакалавриат,Решал(а) самостоятельно,Нет,"Читаю и говорю со словарём, понимаю основное",21–25,,не планирую,,30–60 минут,"Да, участвовать",4,Публичные защиты и выступления,,Закрыть сессии без задолженностей; Подтянуть базовые навыки,,,,,,Занимаюсь спортом,,Не играю в игры этой категории,,Не играю в игры этой категории,,Не играю в игры этой категории,,Не играю в игры этой категории,,"Хочу получить новые знания и практические навыки, лучше разобраться в маркетинге и бренд-менеджменте, научиться увереннее презентовать свои идеи и работать в команде. Также хочу понять, в каком направлении мне интереснее развиваться дальше.",,"Я бы с удовольствием участвовала в мастер-классах, лекциях и мероприятиях, связанных с модой, брендингом, маркетингом и креативными индустриями. Также интересны студенческие проекты, нетворкинг и мероприятия, где можно познакомиться с людьми из индустрии и получить практический опыт.",Нет,23,,,45,Не планируют работать,,
21,2026-09-10 13:23:38,335,False,1 курс,Бренд-менеджмент и маркетинг в креативных индустриях,БВШД,Бакалавриат,Решал(а) самостоятельно,Призёр или победитель школьного либо регионального этапа,Читаю и говорю свободно,6–10,,пока не знаю,,30–60 минут,Нет,4,Объём и темп нагрузки; Совмещение учёбы с работой; Дорога и режим дня,,"Конкурсы, фестивали, соревнования; Собственный проект; Найти круг общения, влиться в среду",,,,,,Занимаюсь спортом; Участвую в творческих или общественных проектах,,Не играю в игры этой категории,,Не играю в игры этой категории,,,Gardenscapes,Не играю в игры этой категории,,"Хочу чтобы было много, сложно, плодотворно и вдохновляюще",,Питчинг тусовка,Нет,8,,,45,Пока не знают,,
30,2026-09-10 15:00:03,1554,False,1 курс,Бренд-менеджмент и маркетинг в креативных индустриях,БВШД,Бакалавриат,"В основном сам(а), посоветовавшись с семьёй",Участвовал(а) без результата,"Читаю и говорю со словарём, понимаю основное",11–15,,пока не знаю,,30–60 минут,"Да, приходить как зритель",5,Сессия и экзамены; Публичные защиты и выступления,,Закрыть сессии без задолженностей; Курсовая работа или ВКР; Подтянуть базовые навыки,,,,,,Занимаюсь спортом,,Не играю в игры этой категории,,Не играю в игры этой категории,,Не играю в игры этой категории,,Не играю в игры этой категории,,"Научиться новому, познакомиться с классными людьми, и конечно же наслаждаться учебным процессом",,"Квизы, всякие интерактивы",Нет,13,,,45,Пока не знают,,
52,2026-09-11 00:09:45,497,False,1 курс,Бренд-менеджмент и маркетинг в креативных индустриях,БВШД,Бакалавриат,"Посоветовал преподаватель, наставник или знакомый из профессии",Призёр или победитель школьного либо регионального этапа,"Читаю и говорю со словарём, понимаю основное",1–5,,уже работаю полный день,смежная сфера,60–90 минут,Готов(а) помочь с организацией или стать капитаном команды,4,Совмещение учёбы с работой; Сессия и экзамены; Доступ к оборудованию и профильному ПО,,Собрать портфолио; Стажировка; Собственный проект,,,,,,Играю в шахматы или другие интеллектуальные игры; Участвую в творческих или общественных проектах,,Не играю в игры этой категории,,Не играю в игры этой категории,,Не играю в игры этой категории,,шахматы,,"Узнать побольше о возможностях направления для дальнейшей перспективы. Познакомиться с новыми людьми, а также практиковать по данному направлению",,"Разработка и проведение различных мероприятий (день открытых дверей, выставки, мастер классы, съёмки различных рекламных/имиджевых роликов)",Нет,3,,,75,Работают или планируют работать,,
53,2026-09-11 03:31:39,605,False,1 курс,Бренд-менеджмент и маркетинг в креативных индустриях,БВШД,Бакалавриат,Решал(а) самостоятельно,Нет,Читаю и говорю свободно,1–5,,11–20 часов в неделю,"нет, ради заработка",30–60 минут,Нет,5,"Дорога и режим дня; Работа с источниками, тексты; Сессия и экзамены",,"Закрыть сессии без задолженностей; Работа по специальности; Найти круг общения, влиться в среду",,,,,,Занимаюсь спортом,,,Тетрис,Mortal Kombat 1,,,,,,,,,Да,3,,,45,Работают или планируют работать,,
60,2026-09-12 10:56:59,368,False,1 курс,Бренд-менеджмент и маркетинг в креативных индустриях,БВШД,Бакалавриат,Решал(а) самостоятельно,Нет,"Читаю и говорю с трудом, уходит много времени",21–25,,пока не знаю,,60–90 минут,Готов(а) помочь с организацией или стать капитаном команды,4,Усвоение учебного материала; Объём и темп нагрузки; Английский язык,,"Закрыть сессии без задолженностей; Стажировка; Найти круг общения, влиться в среду",,,,,,Играю в мобильные игры,,,Genshin,Mortal Kombat 1,,,,,,,,,Нет,23,,,75,Пока не знают,,
171,2026-09-15 22:21:22,292,False,1 курс,Бренд-менеджмент и маркетинг в креативных индустриях,БВШД,Бакалавриат,Решал(а) самостоятельно,Призёр или победитель школьного либо регионального этапа,"Читаю и говорю с трудом, уходит много времени",6–10,,пока не знаю,,60–90 минут,"Да, участвовать",4,Объём и темп нагрузки; Дорога и режим дня; Сессия и экзамены,,"Закрыть сессии без задолженностей; Подтянуть базовые навыки; Найти круг общения, влиться в среду",,,,,,Играю в командные компьютерные игры; Играю в одиночные компьютерные игры; Играю в мобильные игры,,CS2,Standoff 2,,,,,,,,,в любых,Нет,8,,,75,Пока не знают,,
242,2026-09-22 20:34:58,165,False,1 курс,Бренд-менеджмент и маркетинг в креативных индустриях,БВШД,Бакалавриат,Решал(а) самостоятельно,Нет,"Читаю и говорю со словарём, понимаю основное",6–10,,11–20 часов в неделю,"да, по специальности",более 90 минут,"Да, участвовать",4,Английский язык,,"Закрыть сессии без задолженностей; Конкурсы, фестивали, соревнования; Собственный проект",,,,,,Занимаюсь спортом,,,Nba,EA FC,,,,,,Великолепные,,"Баскетбол, настольный теннис",Нет,8,,,105,Работают или планируют работать,,
257,2026-09-22 21:08:44,305,False,1 курс,Бренд-менеджмент и маркетинг в креативных индустриях,БВШД,Бакалавриат,Решал(а) самостоятельно,Нет,Читаю и говорю свободно,6–10,,пока не знаю,,60–90 минут,"Да, приходить как зритель",5,Совмещение учёбы с работой; Дорога и режим дня; Доступ к оборудованию и профильному ПО,,Стажировка; Работа по специальности; Собственный проект,,,,,,Играю в командные компьютерные игры; Играю в одиночные компьютерные игры; Играю в мобильные игры,,,Peak; R.E.P.O,,Undertale; Deltarune; Sky,,Sky,шахматы,,,,,Да,8,,,75,Пока не знают,,
259,2026-09-22 21:13:40,189,False,1 курс,Бренд-менеджмент и маркетинг в креативных индустриях,БВШД,Бакалавриат,Решал(а) самостоятельно,Нет,Читаю и говорю свободно,6–10,,11–20 часов в неделю,"да, по специальности",30–60 минут,"Да, участвовать",3,Организация собственного времени; Дорога и режим дня; Общение с однокурсниками,,"Закрыть сессии без задолженностей; Собрать портфолио; Найти круг общения, влиться в среду",,,,,,Играю в шахматы или другие интеллектуальные игры; Занимаюсь спортом,,Не играю в игры этой категории,,Не играю в игры этой категории,,Не играю в игры этой категории,,,Спортивная мафия,,,"мафия, другие интелектуальные игры",Да,8,,,45,Работают или планируют работать,,
268,2026-09-22 22:00:42,339,False,1 курс,Бренд-менеджмент и маркетинг в креативных индустриях,БВШД,Бакалавриат,Решал(а) самостоятельно,Призёр или победитель школьного либо регионального этапа,Читаю и говорю свободно,6–10,,11–20 часов в неделю,"да, по специальности",60–90 минут,Готов(а) помочь с организацией или стать капитаном команды,5,"Организация собственного времени; Сессия и экзамены; Обратиться за помощью, когда что-то непонятно",,Закрыть сессии без задолженностей; Стажировка; Подтянуть базовые навыки,,,,,,Играю в мобильные игры; Участвую в творческих или общественных проектах,,Не играю в игры этой категории,,Не играю в игры этой категории,,,Meowdoku,,Судоку,Это будет круто.,,"Интересны стажировки, выставки и показы. Могу помочь с организацией мероприятий, люблю сферу event. В общем за любую общественную работу которая принесет мне пользу в будущей карьере!)",Нет,8,,,75,Работают или планируют работать,,
276,2026-09-22 22:50:11,341,False,1 курс,Бренд-менеджмент и маркетинг в креативных индустриях,БВШД,Бакалавриат,Решал(а) самостоятельно,Нет,Читаю и говорю свободно,1–5,,более 30 часов в неделю,"нет, ради заработка",30–60 минут,Нет,4,Усвоение учебного материала; Организация собственного времени; Дорога и режим дня,,"Закрыть сессии без задолженностей; Работа по специальности; Найти круг общения, влиться в среду",,,,,,Играю в мобильные игры,,,Roblex,,Roblox,Brawl Stars; Clash Royale,,,,,,,Да,3,,,45,Работают или планируют работать,,
278,2026-09-22 23:40:32,559,False,1 курс,Бренд-менеджмент и маркетинг в креативных индустриях,БВШД,Бакалавриат,Решал(а) самостоятельно,Нет,Затрудняюсь оценить,6–10,,11–20 часов в неделю,смежная сфера,60–90 минут,Готов(а) помочь с организацией или стать капитаном команды,4,Совмещение учёбы с работой; Сессия и экзамены; Доступ к оборудованию и профильному ПО,,Закрыть сессии без задолженностей; Собрать портфолио; Стажировка,,,,,,Участвую в творческих или общественных проектах,,Не играю в игры этой категории,,Не играю в игры этой категории,,Не играю в игры этой категории,,квизы,,"перевестись на второй год, познакомиться и пообщаться с куратором, завести новые связи в профессиональной среде и поработать на больших проектах по специальности",,"дни открытых дверей, организация и проведение выставок",Нет,8,,,75,Работают или планируют работать,,
302,2026-09-23 21:53:45,284,False,1 курс,Бренд-менеджмент и маркетинг в креативных индустриях,БВШД,Бакалавриат,Решал(а) самостоятельно,Призёр или победитель ВсОШ либо перечневой олимпиады,Читаю и говорю свободно,6–10,,не планирую,,до 30 минут,"Да, приходить как зритель",5,"Организация собственного времени; Сессия и экзамены; Обратиться за помощью, когда что-то непонятно",,"Закрыть сессии без задолженностей; Конкурсы, фестивали, соревнования; Подтянуть базовые навыки",,,,,,Играю в командные компьютерные игры; Играю в шахматы или другие интеллектуальные игры; Участвую в творческих или общественных проектах,,Dota 2,,,,,,,,Влиться в учебный процесс конкретно в этом учебно ми заведении. Начать понимать и вникать в основы моего направления,,,Нет,8,,,15,Не планируют работать,,
19,2026-09-10 12:51:05,1384,False,1 курс,"Двухмерная графика: анимация, концепт-арт, комиксы",Scream,Бакалавриат,"В основном сам(а), посоветовавшись с семьёй",Призёр или победитель школьного либо регионального этапа,"Читаю и говорю со словарём, понимаю основное",1–5,,не планирую,,30–60 минут,"Да, участвовать",5,"Организация собственного времени; Работа с источниками, тексты; Сессия и экзамены",,"Закрыть сессии без задолженностей; Подтянуть базовые навыки; Найти круг общения, влиться в среду",,,,,,Играю в одиночные компьютерные игры,,,Century age of ashes,,Wolf quest Unniversary edition; Medieval dynasty; Kingdoom come deliverance,Не играю в игры этой категории,,Не играю в игры этой категории,,"Я воодушевлена, но пока не знаю что меня ждëт. Я очень надеюсь получить професситнальную помощь для развития моего скилла в цифровом арте. Надеюсь завести друзей.",,"смотря какие будут. Киберспорт, конкурс 2д артов.",Другое (свободный ответ),3,,,45,Не планируют работать,,
23,2026-09-10 13:48:18,677,False,1 курс,"Двухмерная графика: анимация, концепт-арт, комиксы",Scream,Бакалавриат,"В основном сам(а), посоветовавшись с семьёй",Нет,"Читаю и говорю со словарём, понимаю основное",1–5,,пока не знаю,,30–60 минут,"Да, участвовать",4,Организация собственного времени; Дорога и режим дня; Сессия и экзамены,,"Закрыть сессии без задолженностей; Подтянуть базовые навыки; Найти круг общения, влиться в среду",,,,,,Занимаюсь спортом,,Не играю в игры этой категории,,Не играю в игры этой категории,,Не играю в игры этой категории,,квизы,,"Мне бы хотелось развиться в сфере анимации, английского и познакомится с новыми людьми.",,Пока не знаю,Нет,3,,,45,Пока не знают,,
25,2026-09-10 14:12:11,227,False,1 курс,"Двухмерная графика: анимация, концепт-арт, комиксы",Scream,Бакалавриат,"В основном сам(а), посоветовавшись с семьёй",Нет,Читаю и говорю свободно,1–5,,пока не знаю,,30–60 минут,"Да, приходить как зритель",4,Организация собственного времени; Сессия и экзамены; Публичные защиты и выступления,,"Закрыть сессии без задолженностей; Собственный проект; Найти круг общения, влиться в среду",,,,,,"Играю в одиночные компьютерные игры; Играю, но не в соревновательные игры; Участвую в творческих или общественных проектах",,Marvel Rivals,,,,,,,,надеюсь все будет хорошо,,вечеринки,Предпочли не отвечать,3,,,45,Пока не знают,,
37,2026-09-10 16:30:38,1336,False,1 курс,"Двухмерная графика: анимация, концепт-арт, комиксы",Scream,Бакалавриат,"В основном сам(а), посоветовавшись с семьёй",Призёр или победитель школьного либо регионального этапа,Читаю и говорю свободно,16–20,,пока не знаю,,30–60 минут,Готов(а) помочь с организацией или стать капитаном команды,4,Объём и темп нагрузки; Совмещение учёбы с работой; Общение с однокурсниками,,"Конкурсы, фестивали, соревнования; Подтянуть базовые навыки; Найти круг общения, влиться в среду",,,,,,Играю в одиночные компьютерные игры; Играю в мобильные игры; Занимаюсь спортом; Участвую в творческих или общественных проектах,,Не играю в игры этой категории,,Не играю в игры этой категории,,Не играю в игры этой категории,,Не играю в игры этой категории,,"улучшить свои навыки, получить новые знания и построить связи с другими студентами",,хотелось бы помогать с организацией ивентов и декорацией помещений,Предпочли не отвечать,18,,,45,Пока не знают,,
38,2026-09-10 17:30:09,327,False,1 курс,"Двухмерная графика: анимация, концепт-арт, комиксы",Scream,Бакалавриат,Решал(а) самостоятельно,Нет,Читаю и говорю свободно,1–5,,до 10 часов в неделю,"да, по специальности",30–60 минут,"Да, приходить как зритель",4,Организация собственного времени; Совмещение учёбы с работой; Общение с однокурсниками,,"Курсовая работа или ВКР; Собственный проект; Найти круг общения, влиться в среду",,,,,,Играю в одиночные компьютерные игры; Занимаюсь спортом; Участвую в творческих или общественных проектах,,,Wuthering Waves,,Genshin Impact,Mobile Legends: Bang Bang,,,,"Положительные, единственное, подпортило впечатление агрессия в общих чатах от других участников и то, что студсовет позволяет людям (или участвует в этом) агрессировать, обзывать, переходить на личности в общем чате.",,"Конкурсы, турниры по играм/рисованию, стартапы собственных и чужих проектов",Да,3,,,45,Работают или планируют работать,,
40,2026-09-10 17:57:43,353,False,1 курс,"Двухмерная графика: анимация, концепт-арт, комиксы",Scream,Бакалавриат,Решал(а) самостоятельно,Участвовал(а) без результата,"Читаю и говорю со словарём, понимаю основное",11–15,,11–20 часов в неделю,"да, по специальности",30–60 минут,"Да, участвовать",4,Объём и темп нагрузки; Общение с однокурсниками,,"Закрыть сессии без задолженностей; Собрать портфолио; Конкурсы, фестивали, соревнования",,,,,,Играю в командные компьютерные игры; Играю в одиночные компьютерные игры; Играю в шахматы или другие интеллектуальные игры,,Dota 2,,,,,,,,"Думаю, что будет много нового и интересного для меня опыта, не без сложностей. Рассчитываю на большой личностный и профессиональный рост",,"Турнирах по командным играм, хакатонах",Да,13,,,45,Работают или планируют работать,,
42,2026-09-10 18:28:45,198,False,1 курс,"Двухмерная графика: анимация, концепт-арт, комиксы",Scream,Бакалавриат,Решал(а) самостоятельно,Нет,"Читаю и говорю со словарём, понимаю основное",1–5,,11–20 часов в неделю,смежная сфера,30–60 минут,"Да, приходить как зритель",5,Объём и темп нагрузки; Совмещение учёбы с работой,,Стажировка; Собственный проект; Подтянуть базовые навыки,,,,,,Играю в одиночные компьютерные игры; Играю в мобильные игры; Играю в шахматы или другие интеллектуальные игры; Участвую в творческих или общественных проектах,,League of Legends,,,,,,,,,,,Нет,3,,,45,Работают или планируют работать,,
46,2026-09-10 20:59:50,439,False,1 курс,"Двухмерная графика: анимация, концепт-арт, комиксы",Scream,Бакалавриат,Решал(а) самостоятельно,Нет,Читаю и говорю свободно,6–10,,пока не знаю,,30–60 минут,"Да, приходить как зритель",4,Объём и темп нагрузки; Сессия и экзамены; Публичные защиты и выступления,,Работа по специальности; Собственный проект; Подтянуть базовые навыки,,,,,,Играю в одиночные компьютерные игры,,Мир танков,,,,,,,,,,,Да,8,,,45,Пока не знают,,
47,2026-09-10 21:01:10,571,False,1 курс,"Двухмерная графика: анимация, концепт-арт, комиксы",Scream,Бакалавриат,Решал(а) самостоятельно,Нет,"Читаю и говорю с трудом, уходит много времени",6–10,,пока не знаю,,более 90 минут,"Да, участвовать",3,Дорога и режим дня; Сессия и экзамены; Английский язык,,"Закрыть сессии без задолженностей; Подтянуть базовые навыки; Найти круг общения, влиться в среду",,,,,,Играю в одиночные компьютерные игры,,,Genshin impact,,Genshin impact,,Genshin impact,,Нарды,,,,Нет,8,,,105,Пока не знают,,
48,2026-09-10 21:19:19,232,False,1 курс,"Двухмерная графика: анимация, концепт-арт, комиксы",Scream,Бакалавриат,Решал(а) самостоятельно,Нет,Читаю и говорю свободно,1–5,,пока не знаю,,60–90 минут,Нет,3,Организация собственного времени; Объём и темп нагрузки; Дорога и режим дня,,"Закрыть сессии без задолженностей; Подтянуть базовые навыки; Найти круг общения, влиться в среду",,,,,,Играю в командные компьютерные игры; Участвую в творческих или общественных проектах,,,Мы с друзьями в настолки DnD играем,Не играю в игры этой категории,,Не играю в игры этой категории,,Не играю в игры этой категории,,,,,Да,3,,,75,Пока не знают,,
54,2026-09-11 09:37:53,650,False,1 курс,"Двухмерная графика: анимация, концепт-арт, комиксы",Scream,Бакалавриат,Решал(а) самостоятельно,Призёр или победитель школьного либо регионального этапа,Практически не читаю и не говорю,1–5,,пока не знаю,,30–60 минут,Готов(а) помочь с организацией или стать капитаном команды,4,Организация собственного времени; Объём и темп нагрузки; Английский язык,,Закрыть сессии без задолженностей; Собственный проект; Подтянуть базовые навыки,,,,,,Играю в командные компьютерные игры; Играю в одиночные компьютерные игры; Участвую в творческих или общественных проектах,,Valorant,Mizery,,,,,,,,,организация фестивалей и тд,Предпочли не отвечать,3,,,45,Пока не знают,,
59,2026-09-12 08:57:08,811,False,1 курс,"Двухмерная графика: анимация, концепт-арт, комиксы",Scream,Бакалавриат,Решал(а) самостоятельно,Нет,Читаю и говорю свободно,11–15,,до 10 часов в неделю,"нет, ради заработка",более 90 минут,"Да, приходить как зритель",4,Публичные защиты и выступления,,"Закрыть сессии без задолженностей; Подтянуть базовые навыки; Найти круг общения, влиться в среду",,,,,,Играю в одиночные компьютерные игры; Играю в мобильные игры; Играю в шахматы или другие интеллектуальные игры,,Не играю в игры этой категории,,,Minecraft,,Free Fire,шахматы,,"Структурировать свои знания, наконец-то нормально и подробно изучить всю необходимую мне теорию (до этого я была самоучкой), заняться профильными предметами во втором семестре",,"Пока что я не знаю, что имеется ввиду под ""внеучебными активностями"", зависит от того, что у вас имеется. А так, думаю, вполне. Это отличная возможность для социализации",Нет,13,,,105,Работают или планируют работать,,
273,2026-09-22 22:14:39,264,False,1 курс,"Двухмерная графика: анимация, концепт-арт, комиксы",Scream,Бакалавриат,Решал(а) самостоятельно,Нет,Читаю и говорю свободно,6–10,,пока не знаю,,более 90 минут,"Да, участвовать",4,Объём и темп нагрузки; Сессия и экзамены; Публичные защиты и выступления,,"Закрыть сессии без задолженностей; Подтянуть базовые навыки; Найти круг общения, влиться в среду",,,,,,Играю в одиночные компьютерные игры,,,Genshin impact,,Genshin impact,,Genshin impact,,Нарды,,,,Нет,8,,,105,Пока не знают,,
297,2026-09-23 14:20:31,177,False,1 курс,"Двухмерная графика: анимация, концепт-арт, комиксы",Scream,Бакалавриат,Решал(а) самостоятельно,Призёр или победитель школьного либо регионального этапа,Читаю и говорю свободно,6–10,,пока не знаю,,30–60 минут,Готов(а) помочь с организацией или стать капитаном команды,4,Объём и темп нагрузки; Дорога и режим дня; Доступ к оборудованию и профильному ПО,,"Собственный проект; Подтянуть базовые навыки; Найти круг общения, влиться в среду",,,,,,Играю в одиночные компьютерные игры; Играю в мобильные игры; Занимаюсь спортом; Участвую в творческих или общественных проектах,,Не играю в игры этой категории,,Не играю в игры этой категории,,Не играю в игры этой категории,,Не играю в игры этой категории,,,,,Предпочли не отвечать,8,,,45,Пока не знают,,
314,2026-09-27 19:55:31,395,False,1 курс,"Двухмерная графика: анимация, концепт-арт, комиксы",Scream,Бакалавриат,Решал(а) самостоятельно,Нет,Читаю и говорю свободно,1–5,,пока не знаю,,60–90 минут,"Да, участвовать",4,Организация собственного времени; Дорога и режим дня,,Закрыть сессии без задолженностей; Собственный проект; Подтянуть базовые навыки,,,,,,Играю в командные компьютерные игры; Играю в одиночные компьютерные игры; Участвую в творческих или общественных проектах,,Valorant,,,,,,,,просто надеюсь что все будет хорошо,,,Да,3,,,75,Пока не знают,,
1,2026-09-10 12:11:01,134,False,1 курс,Кинопроизводство,МШК,Бакалавриат,Решали вместе с родителями или семьёй на равных,Нет,"Читаю и говорю со словарём, понимаю основное",6–10,,до 10 часов в неделю,"да, по специальности",30–60 минут,"Да, участвовать",4,Усвоение учебного материала; Объём и темп нагрузки; Совмещение учёбы с работой,,"Закрыть сессии без задолженностей; Работа по специальности; Найти круг общения, влиться в среду",,,,,,Играю в командные компьютерные игры; Играю в одиночные компьютерные игры; Играю в мобильные игры; Играю в шахматы или другие интеллектуальные игры; Занимаюсь спортом,,Dota 2,,,,,,,,Найти новые знакомства и получить удовольствие от университета,,,Нет,8,,,45,Работают или планируют работать,,
4,2026-09-10 12:16:21,430,False,1 курс,Кинопроизводство,МШК,Бакалавриат,Решал(а) самостоятельно,Призёр или победитель ВсОШ либо перечневой олимпиады,"Читаю и говорю со словарём, понимаю основное",11–15,,пока не знаю,,30–60 минут,"Да, приходить как зритель",4,Организация собственного времени; Объём и темп нагрузки; Сессия и экзамены,,Закрыть сессии без задолженностей; Работа по специальности; Подтянуть базовые навыки,,,,,,Участвую в творческих или общественных проектах,,Не играю в игры этой категории,,Не играю в игры этой категории,,Не играю в игры этой категории,,Не играю в игры этой категории,,"готова много работать и заниматься действительно тем, что мне нравится!",,"киноклубы, читалельский клуб",Нет,13,,,45,Пока не знают,,
5,2026-09-10 12:16:50,466,False,1 курс,Кинопроизводство,МШК,Бакалавриат,Решал(а) самостоятельно,Призёр или победитель школьного либо регионального этапа,Читаю и говорю свободно,11–15,,пока не знаю,,30–60 минут,Готов(а) помочь с организацией или стать капитаном команды,4,Организация собственного времени; Дорога и режим дня; Доступ к оборудованию и профильному ПО,,Закрыть сессии без задолженностей; Стажировка; Собственный проект,,,,,,"Играю, но не в соревновательные игры; Занимаюсь спортом; Участвую в творческих или общественных проектах",,,Roblox,Не играю в игры этой категории,,,Block Blast,,Судоку,,,студсовет,Нет,13,,,45,Пока не знают,,
6,2026-09-10 12:16:57,340,False,1 курс,Кинопроизводство,МШК,Бакалавриат,"В основном сам(а), посоветовавшись с семьёй",Нет,"Читаю и говорю с трудом, уходит много времени",11–15,,пока не знаю,,30–60 минут,Нет,5,Дорога и режим дня; Английский язык; Доступ к оборудованию и профильному ПО,,"Закрыть сессии без задолженностей; Подтянуть базовые навыки; Найти круг общения, влиться в среду",,,,,,Занимаюсь спортом; Участвую в творческих или общественных проектах,,Не играю в игры этой категории,,Не играю в игры этой категории,,Не играю в игры этой категории,,Не играю в игры этой категории,,,,,Нет,13,,,45,Пока не знают,,
7,2026-09-10 12:22:54,691,False,1 курс,Кинопроизводство,МШК,Бакалавриат,Решал(а) самостоятельно,Нет,"Читаю и говорю со словарём, понимаю основное",16–20,,не планирую,,до 30 минут,"Да, приходить как зритель",4,Усвоение учебного материала; Организация собственного времени; Английский язык,,Закрыть сессии без задолженностей; Собственный проект; Подтянуть базовые навыки,,,,,,Играю в одиночные компьютерные игры; Играю в шахматы или другие интеллектуальные игры; Занимаюсь спортом,,,Hoi4,Mortal Kombat 1,,,,,,"В первую очередь хочу получить как можно больше практического опыта и разобраться в кино не только с теоретической стороны. Хочется попробовать себя в разных процессах производства, научиться работать в команде и постепенно понять, в каком направлении я хочу развиваться дальше. Ну и, конечно, надеюсь на интересные проекты, новых людей и много новых знаний",,Во всех связанных с моим направлением,Нет,18,,,15,Не планируют работать,,
10,2026-09-10 12:24:50,299,False,1 курс,Кинопроизводство,МШК,Бакалавриат,Решал(а) самостоятельно,Нет,Затрудняюсь оценить,6–10,,пока не знаю,,до 30 минут,Нет,4,Объём и темп нагрузки,,"Закрыть сессии без задолженностей; Собрать портфолио; Найти круг общения, влиться в среду",,,,,,Занимаюсь спортом,,Не играю в игры этой категории,,Не играю в игры этой категории,,Не играю в игры этой категории,,Не играю в игры этой категории,,"Стараюсь не строить ожидания, так как они редко совпадают с реальностью, лучше адаптироваться и строить жизнь в процессе обучения по факту происходящего",,"Не знаю, сначала нужно увидеть, какая активность запланирована",Предпочли не отвечать,8,,,15,Пока не знают,,
12,2026-09-10 12:33:09,684,False,1 курс,Кинопроизводство,МШК,Бакалавриат,Решал(а) самостоятельно,Нет,"Читаю и говорю со словарём, понимаю основное",16–20,,21–30 часов в неделю,"нет, ради заработка",30–60 минут,Готов(а) помочь с организацией или стать капитаном команды,4,Совмещение учёбы с работой; Сессия и экзамены; Публичные защиты и выступления,,"Закрыть сессии без задолженностей; Стажировка; Найти круг общения, влиться в среду",,,,,,Играю в одиночные компьютерные игры; Играю в мобильные игры; Играю в шахматы или другие интеллектуальные игры; Участвую в творческих или общественных проектах,,Не играю в игры этой категории,,Не играю в игры этой категории,,Не играю в игры этой категории,,Не играю в игры этой категории,,,,"Клубная деятельность, студсовет, стажировка, организация мероприятий",Нет,18,,,45,Работают или планируют работать,,
13,2026-09-10 12:34:10,717,False,1 курс,Кинопроизводство,МШК,Бакалавриат,"В основном сам(а), посоветовавшись с семьёй",Участвовал(а) без результата,"Читаю и говорю со словарём, понимаю основное",1–5,,не планирую,,30–60 минут,"Да, участвовать",4,Усвоение учебного материала; Сессия и экзамены; Публичные защиты и выступления,,"Закрыть сессии без задолженностей; Подтянуть базовые навыки; Найти круг общения, влиться в среду",,,,,,Участвую в творческих или общественных проектах,,,Roblox; Brawl stars,,Roblox; Brawl star; Nonogramm,Brawl Stars,Roblox ( tower of hell)!!! Давайте устроим турнир по Товер Оф хеллу пожалуйста!!,,,"Подружиться с ребятами, узнать много нового, пройти инструктажи в мастерских, улучшить знания английского языка, стать более креативным, открытым, более уверенным в себе, мыслить более творчески, научиться много работать в командах, быстро принимать решения, хочу в этом учебном году не бояться остаться одной, когда будет задание снять что-то коллективно.",,"Я бы вступила в студ.совет, очень хочется тусу на хеллоуин, Новый год, Масленицу, возможно тематические пятницы( или любой другой день недели, когда студенты одеваются в каком то стиле) очень хочется рок вечеринку, устраивать просмотры кино совместные, вечеринки как welcome party, в стиле разных временных эпох и субкультур, чтобы каждый студент мог окунуться в разный мир, мне кажется это было бы интересно",Предпочли не отвечать,3,,,45,Не планируют работать,,
14,2026-09-10 12:37:45,259,False,1 курс,Кинопроизводство,МШК,Бакалавриат,Решал(а) самостоятельно,Нет,Затрудняюсь оценить,11–15,,до 10 часов в неделю,смежная сфера,30–60 минут,"Да, приходить как зритель",5,Сессия и экзамены,,Подтянуть базовые навыки,,,,,,Участвую в творческих или общественных проектах,,Не играю в игры этой категории,,Не играю в игры этой категории,,Brawl Stars,,,,,,в любых,Нет,13,,,45,Работают или планируют работать,,
15,2026-09-10 12:38:01,574,False,1 курс,Кинопроизводство,МШК,Бакалавриат,Решал(а) самостоятельно,Участвовал(а) без результата,"Читаю и говорю со словарём, понимаю основное",1–5,,пока не знаю,,до 30 минут,Нет,5,Объём и темп нагрузки; Дорога и режим дня; Доступ к оборудованию и профильному ПО,,"Закрыть сессии без задолженностей; Собрать портфолио; Найти круг общения, влиться в среду",,,,,,"Играю в шахматы или другие интеллектуальные игры; Играю, но не в соревновательные игры; Занимаюсь спортом; Участвую в творческих или общественных проектах",,Не играю в игры этой категории,Я читаю ((,Не играю в игры этой категории,,Не играю в игры этой категории,,шахматы,,"Узнать новое, познакомиться со всеми однокурсниками, не бояться делать ошибки, новый практический опыт",,"Проекты! Очень хочу сделать много чего для портфолио, набраться больше навыков, познакомиться с большим количеством людей. лучше связанное с искусством, книгами, фильмами, но какой-нибудь проект-стартап тоже будет интересен, если там будет творчество !",Да,3,,,15,Пока не знают,,
17,2026-09-10 12:42:18,754,False,1 курс,Кинопроизводство,МШК,Бакалавриат,Решал(а) самостоятельно,Призёр или победитель школьного либо регионального этапа,Читаю и говорю свободно,1–5,,пока не знаю,,30–60 минут,Готов(а) помочь с организацией или стать капитаном команды,3,Организация собственного времени; Объём и темп нагрузки; Сессия и экзамены,,"Закрыть сессии без задолженностей; Подтянуть базовые навыки; Найти круг общения, влиться в среду",,,,,,Не играю и ничем из перечисленного не занимаюсь,,Не играю в игры этой категории,,Не играю в игры этой категории,,Не играю в игры этой категории,,шахматы,,"Немного волнительно, страшно, что не получится достаточно качественно выполнять задания/сделать достойные проекты, в то же время очень жду начала изучения предметов (как профессиональных, так и общеобразовательных), надеюсь, что полученные знания помогут непосредственно на практике, а также усилят мою гуманитарную базу!",,"Поездки на творческие/арт фестивали, экскурсии",Предпочли не отвечать,3,,,45,Пока не знают,,
20,2026-09-10 12:54:49,547,False,1 курс,Кинопроизводство,МШК,Бакалавриат,Решал(а) самостоятельно,Нет,"Читаю и говорю с трудом, уходит много времени",21–25,,пока не знаю,,60–90 минут,"Да, участвовать",4,Усвоение учебного материала; Сессия и экзамены; Английский язык,,"Закрыть сессии без задолженностей; Подтянуть базовые навыки; Найти круг общения, влиться в среду",,,,,,Играю в командные компьютерные игры; Играю в одиночные компьютерные игры; Играю в мобильные игры; Участвую в творческих или общественных проектах,,,Играю редко; Genshin impact; Minecraft; Sims; Многие игры которые уже прошла,,Играю редко 🫨,Mobile Legends: Bang Bang; Не играю в игры этой категории,,,,"Много новых знакомств, много новых знаний и много проектов, а в целом ожидания КРУТЫЕ 🌟",,Пока не знаю 🤷‍♀️,Нет,23,,,75,Пока не знают,,
22,2026-09-10 13:33:08,442,False,1 курс,Кинопроизводство,МШК,Бакалавриат,"В основном сам(а), посоветовавшись с семьёй",Участвовал(а) без результата,Читаю и говорю свободно,11–15,,11–20 часов в неделю,"нет, ради заработка",30–60 минут,"Да, приходить как зритель",4,Объём и темп нагрузки; Совмещение учёбы с работой; Сессия и экзамены,,Закрыть сессии без задолженностей; Стажировка; Работа по специальности,,,,,,Участвую в творческих или общественных проектах,,,Block Blast,Не играю в игры этой категории,,Не играю в игры этой категории,,,Покер,"Опыт, новые знакомства, больше знаний",,"Продюсирование кино, музыканта. Работа с людьми из киноиндустрии",Предпочли не отвечать,13,,,45,Работают или планируют работать,,
24,2026-09-10 14:08:13,178,False,1 курс,Кинопроизводство,МШК,Бакалавриат,Решал(а) самостоятельно,Нет,"Читаю и говорю с трудом, уходит много времени",1–5,,11–20 часов в неделю,"нет, ради заработка",более 90 минут,Готов(а) помочь с организацией или стать капитаном команды,4,Усвоение учебного материала; Объём и темп нагрузки; Совмещение учёбы с работой,,"Закрыть сессии без задолженностей; Стажировка; Найти круг общения, влиться в среду",,,,,,Занимаюсь спортом; Участвую в творческих или общественных проектах,,Не играю в игры этой категории,,Не играю в игры этой категории,,Не играю в игры этой категории,,спортивное программирование,,,,,Нет,3,,,105,Работают или планируют работать,,
26,2026-09-10 14:17:27,647,False,1 курс,Кинопроизводство,МШК,Бакалавриат,Решал(а) самостоятельно,Призёр или победитель школьного либо регионального этапа,"Читаю и говорю со словарём, понимаю основное",0,,до 10 часов в неделю,"да, по специальности",30–60 минут,"Да, участвовать",4,Сессия и экзамены; Английский язык; Общение с однокурсниками,,"Закрыть сессии без задолженностей; Работа по специальности; Найти круг общения, влиться в среду",,,,,,"Играю в одиночные компьютерные игры; Играю в мобильные игры; Играю в шахматы или другие интеллектуальные игры; Играю, но не в соревновательные игры; Участвую в творческих или общественных проектах",,Не играю в игры этой категории,,Не играю в игры этой категории,,Не играю в игры этой категории,,квизы; Что? Где? Когда?,,в основном ознакомление и выстраивание связей с преподавателями и студентами. ну и первые проекты с однокурсниками,,съемки и квизы,Нет,0,,,45,Работают или планируют работать,,
27,2026-09-10 14:21:01,249,False,1 курс,Кинопроизводство,МШК,Бакалавриат,"В основном сам(а), посоветовавшись с семьёй",Призёр или победитель школьного либо регионального этапа,"Читаю и говорю со словарём, понимаю основное",6–10,,не планирую,,60–90 минут,"Да, участвовать",4,Дорога и режим дня; Английский язык; Доступ к оборудованию и профильному ПО,,Закрыть сессии без задолженностей; Собрать портфолио; Стажировка,,,,,,Играю в командные компьютерные игры; Играю в одиночные компьютерные игры; Играю в шахматы или другие интеллектуальные игры,,,Геншин,,Резидент; Ведьмак,Не играю в игры этой категории,,шахматы,,,,,Нет,8,,,75,Не планируют работать,,
28,2026-09-10 14:30:15,246,False,1 курс,Кинопроизводство,МШК,Бакалавриат,Решал(а) самостоятельно,Призёр или победитель ВсОШ либо перечневой олимпиады,"Читаю и говорю со словарём, понимаю основное",11–15,,пока не знаю,,30–60 минут,"Да, приходить как зритель",4,Организация собственного времени; Совмещение учёбы с работой; Сессия и экзамены,,"Работа по специальности; Подтянуть базовые навыки; Найти круг общения, влиться в среду",,,,,,Занимаюсь спортом; Участвую в творческих или общественных проектах,,Valorant,,,,,,,,"Пока не знаю чего ожидать, хочу много практики и теории, погружение в профессию, много знакомств и сильной гуманитарной теоретической базы",,"Настольные игры, тусовки, спортивные соревнования, киноклуб, философский клуб",Нет,13,,,45,Пока не знают,,
29,2026-09-10 14:35:51,330,False,1 курс,Кинопроизводство,МШК,Бакалавриат,Решал(а) самостоятельно,Призёр или победитель ВсОШ либо перечневой олимпиады,"Читаю и говорю с трудом, уходит много времени",11–15,,пока не знаю,,до 30 минут,Нет,4,Объём и темп нагрузки; Сессия и экзамены; Английский язык,,Собрать портфолио; Работа по специальности; Подтянуть базовые навыки,,,,,,"Играю, но не в соревновательные игры; Участвую в творческих или общественных проектах",,Не играю в игры этой категории,,Не играю в игры этой категории,,Brawl Stars,,,,Ожиданий нет,,Не знаю,Нет,13,,,15,Пока не знают,,
32,2026-09-10 15:08:00,509,False,1 курс,Кинопроизводство,МШК,Бакалавриат,Решал(а) самостоятельно,Нет,Читаю и говорю свободно,6–10,,до 10 часов в неделю,"нет, ради заработка",более 90 минут,Нет,5,Объём и темп нагрузки; Совмещение учёбы с работой,,"Конкурсы, фестивали, соревнования; Найти круг общения, влиться в среду",,,,,,Участвую в творческих или общественных проектах,,Не играю в игры этой категории,,Не играю в игры этой категории,,Не играю в игры этой категории,,Не играю в игры этой категории,,"Интересный, яркий год. Новые знакомства, новые проекты. Активный и веселый первый курс. Своя команда единомышленников. Большие возможности",,"Хэллоуин, киноклуб, мастерские мастерклассы, курс по стартапам и бизнесу",Нет,8,,,105,Работают или планируют работать,,
33,2026-09-10 15:18:17,1043,False,1 курс,Кинопроизводство,МШК,Бакалавриат,Решал(а) самостоятельно,Нет,"Читаю и говорю со словарём, понимаю основное",6–10,,11–20 часов в неделю,"нет, ради заработка",30–60 минут,"Да, участвовать",5,Общение с однокурсниками,,Собственный проект; Подтянуть базовые навыки,,,,,,Играю в одиночные компьютерные игры; Играю в шахматы или другие интеллектуальные игры; Занимаюсь спортом,,,Редко играю в командные игры. О некоторых из вышеперечисленных игр слышу впервые,,Шашки,,Шашки,шашки,,"У меня был длительный период набора самого разношерстного материала. Рассчитываю на то, что учеба поможет сформулировать накопленное и найти свою интонацию.",,,Нет,8,,,45,Работают или планируют работать,,
34,2026-09-10 15:30:03,335,False,1 курс,Кинопроизводство,МШК,Бакалавриат,Решал(а) самостоятельно,Нет,"Читаю и говорю со словарём, понимаю основное",11–15,,пока не знаю,,до 30 минут,"Да, приходить как зритель",4,Объём и темп нагрузки; Сессия и экзамены; Английский язык,,"Закрыть сессии без задолженностей; Подтянуть базовые навыки; Найти круг общения, влиться в среду",,,,,,Занимаюсь спортом; Участвую в творческих или общественных проектах,,Не играю в игры этой категории,,Не играю в игры этой категории,,Не играю в игры этой категории,,Не играю в игры этой категории,,,,"творческих мастер-классах, спортивных активностях, читательских клубах, кино клубах",Нет,13,,,15,Пока не знают,,
35,2026-09-10 15:35:11,141,False,1 курс,Кинопроизводство,МШК,Бакалавриат,Решал(а) самостоятельно,Нет,Читаю и говорю свободно,21–25,,до 10 часов в неделю,"да, по специальности",30–60 минут,"Да, участвовать",5,Совмещение учёбы с работой; Дорога и режим дня,,"Собрать портфолио; Конкурсы, фестивали, соревнования; Подтянуть базовые навыки",,,,,,Играю в одиночные компьютерные игры; Играю в шахматы или другие интеллектуальные игры; Занимаюсь спортом; Участвую в творческих или общественных проектах,,,Minecraft,,Minecraft,Brawl Stars,,,,,,,Нет,23,,,45,Работают или планируют работать,,
36,2026-09-10 16:13:24,170,False,1 курс,Кинопроизводство,МШК,Бакалавриат,Решал(а) самостоятельно,Призёр или победитель школьного либо регионального этапа,"Читаю и говорю со словарём, понимаю основное",11–15,,до 10 часов в неделю,смежная сфера,30–60 минут,Нет,4,Объём и темп нагрузки; Совмещение учёбы с работой; Английский язык,,Закрыть сессии без задолженностей; Стажировка; Работа по специальности,,,,,,Играю в шахматы или другие интеллектуальные игры; Участвую в творческих или общественных проектах,,League of Legends,,,,,,,,"Получить практику, обучиться",,,Нет,13,,,45,Работают или планируют работать,,
41,2026-09-10 18:27:23,1623,False,1 курс,Кинопроизводство,МШК,Бакалавриат,Решали вместе с родителями или семьёй на равных,Нет,Читаю и говорю свободно,21–25,,пока не знаю,,до 30 минут,"Да, участвовать",5,"Организация собственного времени; Работа с источниками, тексты; Общение с однокурсниками",,"Собственный проект; Подтянуть базовые навыки; Найти круг общения, влиться в среду",,,,,,Играю в шахматы или другие интеллектуальные игры; Занимаюсь спортом; Участвую в творческих или общественных проектах,,Не играю в игры этой категории,,Не играю в игры этой категории,,Не играю в игры этой категории,,Не играю в игры этой категории,,"Думаю , что будет интересно. В моем окружении появиться интересные люди. Думаю что я смогу начать реализовывать свои идеи. Мне кажется , что у меня повысится эрудиция. (если кратко)",,1. Почти во всех если говорить про мастерские. 2. Уроки Немецкого языка 3. создание фешн шоу,Нет,23,,,15,Пока не знают,,
43,2026-09-10 19:43:23,309,False,1 курс,Кинопроизводство,МШК,Бакалавриат,Решал(а) самостоятельно,Призёр или победитель школьного либо регионального этапа,Читаю и говорю свободно,6–10,,не планирую,,30–60 минут,"Да, участвовать",4,Организация собственного времени; Сессия и экзамены; Публичные защиты и выступления,,"Закрыть сессии без задолженностей; Подтянуть базовые навыки; Найти круг общения, влиться в среду",,,,,,Играю в командные компьютерные игры; Играю в одиночные компьютерные игры; Играю в мобильные игры,,League of Legends; Apex Legends; Marvel Rivals,Warzone; Helldivers,,,,,,,"узнаю много нового, познакомлюсь с людьми, научусь основам",,в любых,Нет,8,,,45,Не планируют работать,,
44,2026-09-10 19:50:47,7350,True,1 курс,Кинопроизводство,МШК,Бакалавриат,Решал(а) самостоятельно,Участвовал(а) без результата,"Читаю и говорю со словарём, понимаю основное",6–10,,пока не знаю,,60–90 минут,"Да, участвовать",5,Объём и темп нагрузки; Дорога и режим дня; Английский язык,,Закрыть сессии без задолженностей; Собрать портфолио; Работа по специальности,,,,,,Играю в командные компьютерные игры; Играю в шахматы или другие интеллектуальные игры; Занимаюсь спортом; Участвую в творческих или общественных проектах,,Dota 2,,,,,,,,"Думаю будет круто снимать кино и коммуницировать с людьми,которые со мной на 1 волне",,,Да,8,,,75,Пока не знают,,
45,2026-09-10 20:47:03,18974,True,1 курс,Кинопроизводство,МШК,Бакалавриат,Решал(а) самостоятельно,Нет,Читаю и говорю свободно,21–25,,21–30 часов в неделю,"нет, ради заработка",более 90 минут,"Да, участвовать",4,Организация собственного времени; Совмещение учёбы с работой; Сессия и экзамены,,"Закрыть сессии без задолженностей; Собрать портфолио; Найти круг общения, влиться в среду",,,,,,Играю в командные компьютерные игры; Играю в мобильные игры; Занимаюсь спортом; Участвую в творческих или общественных проектах,,,Роблокс,osu!,,,,,,,,Во всех,Да,23,,,105,Работают или планируют работать,,
49,2026-09-10 21:30:37,750,False,1 курс,Кинопроизводство,МШК,Бакалавриат,"В основном сам(а), посоветовавшись с семьёй",Нет,Читаю и говорю свободно,11–15,,пока не знаю,,60–90 минут,"Да, участвовать",4,"Организация собственного времени; Публичные защиты и выступления; Обратиться за помощью, когда что-то непонятно",,"Закрыть сессии без задолженностей; Подтянуть базовые навыки; Найти круг общения, влиться в среду",,,,,,Играю в командные компьютерные игры; Играю в одиночные компьютерные игры; Играю в мобильные игры; Играю в шахматы или другие интеллектуальные игры; Занимаюсь спортом,,Не играю в игры этой категории,А так в Minecraft; Phasmophobia; Lethal company; RV there; Terraria,Не играю в игры этой категории,А так osu! backshot roulette; Death stranding; Harold halibut; Witcher 3; White knuckle,,Good coffee; Great coffee :),шахматы; квизы,,,,"Киноклубы, квизы",Нет,13,,,75,Пока не знают,,
50,2026-09-10 22:14:45,418,False,1 курс,Кинопроизводство,МШК,Бакалавриат,Решал(а) самостоятельно,Призёр или победитель школьного либо регионального этапа,"Читаю и говорю со словарём, понимаю основное",11–15,,до 10 часов в неделю,"да, по специальности",более 90 минут,Готов(а) помочь с организацией или стать капитаном команды,5,Объём и темп нагрузки; Дорога и режим дня,,Другое (свой вариант),Учиться и познавать новое,,,,,Играю в командные компьютерные игры; Играю в одиночные компьютерные игры; Играю в мобильные игры; Играю в шахматы или другие интеллектуальные игры; Занимаюсь спортом; Участвую в творческих или общественных проектах,,Valorant; League of Legends,,,,,,,,Грандиозные,,Теннисный турнир,Предпочли не отвечать,13,,,105,Работают или планируют работать,,
51,2026-09-10 23:16:10,392,False,1 курс,Кинопроизводство,МШК,Бакалавриат,Решал(а) самостоятельно,Нет,"Читаю и говорю со словарём, понимаю основное",11–15,,пока не знаю,,30–60 минут,Готов(а) помочь с организацией или стать капитаном команды,4,Организация собственного времени; Совмещение учёбы с работой; Дорога и режим дня,,Закрыть сессии без задолженностей; Курсовая работа или ВКР; Работа по специальности,,,,,,Играю в командные компьютерные игры; Играю в одиночные компьютерные игры; Играю в мобильные игры; Занимаюсь спортом,,CS2,,,,,,,,"очень много ожиданий, ведь я поступила в вуз мечты. надеюсь, что все оправдается и мне очень понравится учится, ведь в школе я это не любила",,"в тех, которые меня заинтересуют",Да,13,,,45,Пока не знают,,
55,2026-09-11 13:19:04,233,False,1 курс,Кинопроизводство,МШК,Бакалавриат,"В основном сам(а), посоветовавшись с семьёй",Участвовал(а) без результата,"Читаю и говорю со словарём, понимаю основное",0,,пока не знаю,,60–90 минут,Готов(а) помочь с организацией или стать капитаном команды,4,Организация собственного времени; Объём и темп нагрузки; Дорога и режим дня,,"Закрыть сессии без задолженностей; Подтянуть базовые навыки; Найти круг общения, влиться в среду",,,,,,Играю в мобильные игры; Занимаюсь спортом; Участвую в творческих или общественных проектах,,Valorant; League of Legends,,,,,,,,все должно быть интересно круто,,,Нет,0,,,75,Пока не знают,,
56,2026-09-11 19:49:05,584,False,1 курс,Кинопроизводство,МШК,Бакалавриат,Решал(а) самостоятельно,Нет,Затрудняюсь оценить,6–10,,пока не знаю,,60–90 минут,Готов(а) помочь с организацией или стать капитаном команды,4,Объём и темп нагрузки; Дорога и режим дня; Сессия и экзамены,,Закрыть сессии без задолженностей; Стажировка; Работа по специальности,,,,,,Занимаюсь спортом; Участвую в творческих или общественных проектах,,,Иногда в плойку играю с друзьями в mortal combat; В юфс,Mortal Kombat 1,,,,,,"просто надеюсь что все будет хорошо, что мне понравится учится и будет интересно, надеюсь сдам хорошо сессию. просто надеюсь что все хорошо будет если кратко, и с учебой, и с преподавателями и с ребятами",,"ой да во многих наверное, смотря что",Другое (свободный ответ),8,,,75,Пока не знают,,
57,2026-09-11 19:51:55,156,False,1 курс,Кинопроизводство,МШК,Бакалавриат,Решал(а) самостоятельно,Нет,"Читаю и говорю со словарём, понимаю основное",1–5,,пока не знаю,,30–60 минут,Нет,5,"Дорога и режим дня; Работа с источниками, тексты",,"Работа по специальности; Конкурсы, фестивали, соревнования; Собственный проект",,,,,,Играю в шахматы или другие интеллектуальные игры; Занимаюсь спортом; Участвую в творческих или общественных проектах,,Не играю в игры этой категории,,Не играю в игры этой категории,,Не играю в игры этой категории,,Не играю в игры этой категории,,,,,Нет,3,,,45,Пока не знают,,
61,2026-09-12 14:43:28,297,False,1 курс,Кинопроизводство,МШК,Бакалавриат,Решал(а) самостоятельно,Призёр или победитель школьного либо регионального этапа,Читаю и говорю свободно,6–10,,11–20 часов в неделю,"нет, ради заработка",до 30 минут,"Да, участвовать",4,Организация собственного времени; Совмещение учёбы с работой; Доступ к оборудованию и профильному ПО,,"Закрыть сессии без задолженностей; Работа по специальности; Найти круг общения, влиться в среду",,,,,,Играю в шахматы или другие интеллектуальные игры; Занимаюсь спортом; Участвую в творческих или общественных проектах,,Не играю в игры этой категории,,Не играю в игры этой категории,,Не играю в игры этой категории,,шахматы; квизы,,Большие! Хочу взять из учебы и знакомств максимум,,"Организация кинопоказов, студенческих мероприятий, экспедиции/буткемпы",Нет,8,,,15,Работают или планируют работать,,
62,2026-09-13 13:06:30,362,False,1 курс,Кинопроизводство,МШК,Бакалавриат,Решал(а) самостоятельно,Нет,"Читаю и говорю со словарём, понимаю основное",16–20,,пока не знаю,,до 30 минут,"Да, приходить как зритель",5,Сессия и экзамены; Английский язык,,"Закрыть сессии без задолженностей; Конкурсы, фестивали, соревнования; Собственный проект",,,,,,Участвую в творческих или общественных проектах,,Не играю в игры этой категории,,Не играю в игры этой категории,,Не играю в игры этой категории,,Не играю в игры этой категории,,,,,Нет,18,,,15,Пока не знают,,
64,2026-09-13 19:36:38,536,False,1 курс,Кинопроизводство,МШК,Бакалавриат,Решали вместе с родителями или семьёй на равных,Нет,Читаю и говорю свободно,16–20,,пока не знаю,,до 30 минут,"Да, приходить как зритель",4,Организация собственного времени; Объём и темп нагрузки; Публичные защиты и выступления,,"Закрыть сессии без задолженностей; Подтянуть базовые навыки; Найти круг общения, влиться в среду",,,,,,Играю в одиночные компьютерные игры; Занимаюсь спортом,,Не играю в игры этой категории,,Mortal Kombat 1,,,,,,"Получение новых знаний и знакомств. Развитие профессиональных навыков в сфере кинематографа, умение работать с оборудованием. Расширение кругозора , увеличение насмотренности",,,Нет,18,,,15,Пока не знают,,
243,2026-09-22 20:35:11,186,False,1 курс,Кинопроизводство,МШК,Бакалавриат,Решал(а) самостоятельно,Нет,"Читаю и говорю с трудом, уходит много времени",11–15,,11–20 часов в неделю,"нет, ради заработка",60–90 минут,Нет,4,Объём и темп нагрузки; Сессия и экзамены; Английский язык,,"Закрыть сессии без задолженностей; Подтянуть базовые навыки; Найти круг общения, влиться в среду",,,,,,"Играю в одиночные компьютерные игры; Играю в мобильные игры; Играю, но не в соревновательные игры",,League of Legends,,,,,,,,Развить в себе побольше креативности,,Пока не знаю,Нет,13,,,75,Работают или планируют работать,,
248,2026-09-22 20:37:42,299,False,1 курс,Кинопроизводство,МШК,Бакалавриат,"В основном сам(а), посоветовавшись с семьёй",Нет,"Читаю и говорю со словарём, понимаю основное",11–15,,11–20 часов в неделю,смежная сфера,30–60 минут,"Да, участвовать",4,Объём и темп нагрузки,,Закрыть сессии без задолженностей; Работа по специальности; Собственный проект,,,,,,Играю в шахматы или другие интеллектуальные игры,,Не играю в игры этой категории,,Не играю в игры этой категории,,,Судоку,,Судоку; Дурак,"Приумножить знание, собственный проект, опыт",,Организация мероприятия,Нет,13,,,45,Работают или планируют работать,,
254,2026-09-22 20:47:55,658,False,1 курс,Кинопроизводство,МШК,Бакалавриат,Решал(а) самостоятельно,Нет,"Читаю и говорю со словарём, понимаю основное",6–10,,пока не знаю,,30–60 минут,"Да, участвовать",4,Организация собственного времени; Объём и темп нагрузки; Дорога и режим дня,,Закрыть сессии без задолженностей; Собрать портфолио; Стажировка,,,,,,Не играю и ничем из перечисленного не занимаюсь,,Не играю в игры этой категории,,Не играю в игры этой категории,,Не играю в игры этой категории,,Не играю в игры этой категории,,писала в прошлом опросе,,,Предпочли не отвечать,8,,,45,Пока не знают,,
260,2026-09-22 21:14:08,193,False,1 курс,Кинопроизводство,МШК,Бакалавриат,Решал(а) самостоятельно,Призёр или победитель ВсОШ либо перечневой олимпиады,"Читаю и говорю со словарём, понимаю основное",16–20,,до 10 часов в неделю,смежная сфера,30–60 минут,"Да, участвовать",4,Английский язык; Доступ к оборудованию и профильному ПО; Общение с однокурсниками,,"Работа по специальности; Конкурсы, фестивали, соревнования; Собственный проект",,,,,,Играю в шахматы или другие интеллектуальные игры; Занимаюсь спортом,,Не играю в игры этой категории,,Не играю в игры этой категории,,Не играю в игры этой категории,,шахматы; квизы,,Углубление в профессию,,,Нет,18,,,45,Работают или планируют работать,,
265,2026-09-22 21:40:55,4142,True,1 курс,Кинопроизводство,МШК,Бакалавриат,Решал(а) самостоятельно,Нет,"Читаю и говорю со словарём, понимаю основное",1–5,,не планирую,,до 30 минут,Нет,4,Организация собственного времени; Дорога и режим дня; Общение с однокурсниками,,"Закрыть сессии без задолженностей; Собрать портфолио; Найти круг общения, влиться в среду",,,,,,Играю в шахматы или другие интеллектуальные игры; Занимаюсь спортом; Участвую в творческих или общественных проектах,,Не играю в игры этой категории,,Не играю в игры этой категории,,Не играю в игры этой категории,,шахматы,,,,Мастер классы или стажировки у профессионалов,Нет,3,,,15,Не планируют работать,,
281,2026-09-23 02:49:33,304,False,1 курс,Кинопроизводство,МШК,Бакалавриат,Решал(а) самостоятельно,Участвовал(а) без результата,Читаю и говорю свободно,21–25,,до 10 часов в неделю,смежная сфера,30–60 минут,"Да, приходить как зритель",4,Организация собственного времени; Совмещение учёбы с работой; Публичные защиты и выступления,,"Закрыть сессии без задолженностей; Подтянуть базовые навыки; Найти круг общения, влиться в среду",,,,,,Играю в одиночные компьютерные игры; Играю в мобильные игры; Участвую в творческих или общественных проектах,,Не играю в игры этой категории,,Не играю в игры этой категории,,Не играю в игры этой категории,,квизы,,,,,Да,23,,,45,Работают или планируют работать,,
283,2026-09-23 08:24:33,369,False,1 курс,Кинопроизводство,МШК,Бакалавриат,Решал(а) самостоятельно,Нет,"Читаю и говорю со словарём, понимаю основное",16–20,,11–20 часов в неделю,"нет, ради заработка",60–90 минут,Готов(а) помочь с организацией или стать капитаном команды,4,Совмещение учёбы с работой; Дорога и режим дня; Публичные защиты и выступления,,"Закрыть сессии без задолженностей; Стажировка; Найти круг общения, влиться в среду",,,,,,Не играю и ничем из перечисленного не занимаюсь,,,,,,,,,,,,,Нет,18,,,75,Работают или планируют работать,,
299,2026-09-23 15:52:50,260,False,1 курс,Кинопроизводство,МШК,Бакалавриат,Решал(а) самостоятельно,Участвовал(а) без результата,"Читаю и говорю со словарём, понимаю основное",16–20,,пока не знаю,,30–60 минут,Нет,5,Организация собственного времени; Дорога и режим дня; Английский язык,,"Собрать портфолио; Конкурсы, фестивали, соревнования; Найти круг общения, влиться в среду",,,,,,Играю в шахматы или другие интеллектуальные игры; Занимаюсь спортом; Участвую в творческих или общественных проектах,,Не играю в игры этой категории,,Не играю в игры этой категории,,Не играю в игры этой категории,,шахматы,,,,,Предпочли не отвечать,18,,,45,Пока не знают,,
301,2026-09-23 21:04:44,103,False,1 курс,Кинопроизводство,МШК,Бакалавриат,Решал(а) самостоятельно,Нет,Читаю и говорю свободно,1–5,,не планирую,,до 30 минут,Нет,5,Объём и темп нагрузки; Сессия и экзамены,,Закрыть сессии без задолженностей; Стажировка; Работа по специальности,,,,,,Играю в командные компьютерные игры; Занимаюсь спортом; Участвую в творческих или общественных проектах,,Valorant,,,,,,,,"получить мерч от UU, нас обделили",,бильярд,Нет,3,,,15,Не планируют работать,,
313,2026-09-27 05:29:57,111,False,1 курс,Кинопроизводство,МШК,Бакалавриат,Решал(а) самостоятельно,Участвовал(а) без результата,Читаю и говорю свободно,16–20,,пока не знаю,,30–60 минут,"Да, приходить как зритель",5,Сессия и экзамены,,Собрать портфолио; Работа по специальности; Подтянуть базовые навыки,,,,,,Играю в командные компьютерные игры; Играю в одиночные компьютерные игры; Занимаюсь спортом; Участвую в творческих или общественных проектах,,Overwatch 2,,,,,,,,,,,Предпочли не отвечать,18,,,45,Пока не знают,,
63,2026-09-13 16:16:11,228,False,1 курс,Продюсирование и предпринимательство в креативных индустриях,БВШД,Бакалавриат,"В основном сам(а), посоветовавшись с семьёй",Нет,Читаю и говорю свободно,16–20,,пока не знаю,,30–60 минут,Готов(а) помочь с организацией или стать капитаном команды,5,Дорога и режим дня,,"Закрыть сессии без задолженностей; Подтянуть базовые навыки; Найти круг общения, влиться в среду",,,,,,Занимаюсь спортом,,Marvel Rivals,,,,,,,,,,,Предпочли не отвечать,18,,,45,Пока не знают,,
294,2026-09-23 13:26:41,805,False,1 курс,Продюсирование и предпринимательство в креативных индустриях,БВШД,Бакалавриат,Решал(а) самостоятельно,Нет,Читаю и говорю свободно,1–5,,пока не знаю,,30–60 минут,Нет,5,"Работа с источниками, тексты; Публичные защиты и выступления",,"Подтянуть базовые навыки; Найти круг общения, влиться в среду",,,,,,Занимаюсь спортом,,Не играю в игры этой категории,,Не играю в игры этой категории,,Не играю в игры этой категории,,Не играю в игры этой категории,,"Интересная, глубокая информация от преподавателей, которые горят тем, о чем говорят. Большее изучение себя в и своих интересов и целей в отрасли бизнеса и маркетинга. Интересное и, возможно, в будущем продуктивное, общение с другими студентами и преподавателями.",,Затрудняюсь ответить,Другое (свободный ответ),3,,,45,Пока не знают,,
96,2026-09-14 15:05:19,210,False,1 курс,Современная музыка,МШМ,Бакалавриат,Решал(а) самостоятельно,Нет,Практически не читаю и не говорю,21–25,,не планирую,,до 30 минут,"Да, участвовать",4,Английский язык; Доступ к оборудованию и профильному ПО; Общение с однокурсниками,,"Работа по специальности; Собственный проект; Найти круг общения, влиться в среду",,,,,,Играю в мобильные игры; Участвую в творческих или общественных проектах,,Не играю в игры этой категории,,Не играю в игры этой категории,,Не играю в игры этой категории,,квизы; Что? Где? Когда?,,,,,Нет,23,,,15,Не планируют работать,,
102,2026-09-14 15:08:41,388,False,1 курс,Современная музыка,МШМ,Бакалавриат,Решал(а) самостоятельно,Нет,"Читаю и говорю со словарём, понимаю основное",0,,не планирую,,30–60 минут,"Да, приходить как зритель",3,Объём и темп нагрузки; Дорога и режим дня; Сессия и экзамены,,Собрать портфолио; Собственный проект; Подтянуть базовые навыки,,,,,,"Играю в командные компьютерные игры; Играю в одиночные компьютерные игры; Играю, но не в соревновательные игры; Занимаюсь спортом; Участвую в творческих или общественных проектах",,,Раньше долго играла в valorant; Но забросила. Также много играла в Repo; Кооперативный режим slay the spire,,Minecraft; В последнее время rogue-lite по типу Children Of Morta; Star Renegades,Не играю в игры этой категории,,Не играю в игры этой категории,,,,"Тусовки, днд клубы, body-doubling (semi-учебная активность)",Да,0,,,45,Не планируют работать,,
103,2026-09-14 15:09:00,375,False,1 курс,Современная музыка,МШМ,Бакалавриат,"В основном сам(а), посоветовавшись с семьёй",Призёр или победитель школьного либо регионального этапа,Читаю и говорю свободно,6–10,,до 10 часов в неделю,"да, по специальности",30–60 минут,Нет,4,Организация собственного времени; Объём и темп нагрузки; Совмещение учёбы с работой,,"Конкурсы, фестивали, соревнования; Собственный проект; Найти круг общения, влиться в среду",,,,,,Занимаюсь спортом; Участвую в творческих или общественных проектах,,Не играю в игры этой категории,,Не играю в игры этой категории,,Не играю в игры этой категории,,Не играю в игры этой категории,,Очень надеюсь получить опыт в индустрии и выстроить нетворк.,,,Да,8,,,45,Работают или планируют работать,,
106,2026-09-14 15:21:19,327,False,1 курс,Современная музыка,МШМ,Бакалавриат,"В основном сам(а), посоветовавшись с семьёй",Нет,Читаю и говорю свободно,1–5,,не планирую,,30–60 минут,"Да, приходить как зритель",5,Дорога и режим дня,,Курсовая работа или ВКР,,,,,,"Играю в командные компьютерные игры; Играю в одиночные компьютерные игры; Играю в мобильные игры; Играю, но не в соревновательные игры",,,Strinova,,Arknights: endfield,Mobile Legends: Bang Bang,,,,,,,Да,3,,,45,Не планируют работать,,
122,2026-09-14 15:32:37,1844,False,1 курс,Современная музыка,МШМ,Бакалавриат,Решал(а) самостоятельно,Нет,"Читаю и говорю со словарём, понимаю основное",11–15,,до 10 часов в неделю,"нет, ради заработка",60–90 минут,Нет,5,Совмещение учёбы с работой; Дорога и режим дня; Другое (свой вариант),Сразу много новой инфы,"Закрыть сессии без задолженностей; Собственный проект; Найти круг общения, влиться в среду",,,,,,Занимаюсь спортом,,Не играю в игры этой категории,,Не играю в игры этой категории,,PUBG Mobile,,,,"Освоить всю базу, обзавестись знакомыми в этой сфере, кайфовать от любимого дела",,"Фестивали, концерты.",Нет,13,,,75,Работают или планируют работать,,
123,2026-09-14 15:32:39,983,False,1 курс,Современная музыка,МШМ,Бакалавриат,Решал(а) самостоятельно,Нет,"Читаю и говорю со словарём, понимаю основное",11–15,,пока не знаю,,30–60 минут,Нет,5,Другое (свой вариант),Очень много новой Информации и новый темп жизни,"Закрыть сессии без задолженностей; Собственный проект; Найти круг общения, влиться в среду",,,,,,Играю в шахматы или другие интеллектуальные игры; Занимаюсь спортом; Участвую в творческих или общественных проектах,,CS2; Valorant,,,,,,,,Развить свои музыкальные навыки и укрепить академ базу. Познакомиться с людьми из индустрии и наслаждаться музыкой :),,В фестивалях и концертах (как артист),Нет,13,,,45,Пока не знают,,
142,2026-09-14 15:50:41,2929,False,1 курс,Современная музыка,МШМ,Бакалавриат,Решал(а) самостоятельно,Призёр или победитель школьного либо регионального этапа,"Читаю и говорю со словарём, понимаю основное",1–5,,11–20 часов в неделю,"да, по специальности",30–60 минут,Нет,4,Организация собственного времени; Совмещение учёбы с работой,,"Работа по специальности; Подтянуть базовые навыки; Найти круг общения, влиться в среду",,,,,,Занимаюсь спортом; Участвую в творческих или общественных проектах,,Не играю в игры этой категории,,Не играю в игры этой категории,,Не играю в игры этой категории,,Не играю в игры этой категории,,"Повысить квалификацию, найти единомышленников",,Фестиваль,Нет,3,,,45,Работают или планируют работать,,
163,2026-09-14 19:21:35,535,False,1 курс,Современная музыка,МШМ,Бакалавриат,Решал(а) самостоятельно,Участвовал(а) без результата,Затрудняюсь оценить,6–10,,пока не знаю,,60–90 минут,Готов(а) помочь с организацией или стать капитаном команды,5,Дорога и режим дня; Сессия и экзамены,,"Закрыть сессии без задолженностей; Собственный проект; Найти круг общения, влиться в среду",,,,,,Участвую в творческих или общественных проектах,,Не играю в игры этой категории,,Не играю в игры этой категории,,Не играю в игры этой категории,,,Квиз; Но не раз в неделю; А реже,"Новые знакомства, новые навыки и знания, а так же отточка старых и их совершенствование",,Создала бы студенческий клуб или например мульти- профильная активность что-то вроде студенческого стенд-ап’а,Да,8,,,75,Пока не знают,,
220,2026-09-22 10:02:48,265,False,1 курс,Современная музыка,МШМ,Бакалавриат,Решал(а) самостоятельно,Нет,Читаю и говорю свободно,6–10,,до 10 часов в неделю,"нет, ради заработка",30–60 минут,Готов(а) помочь с организацией или стать капитаном команды,5,Совмещение учёбы с работой; Сессия и экзамены,,"Закрыть сессии без задолженностей; Подтянуть базовые навыки; Найти круг общения, влиться в среду",,,,,,"Играю в одиночные компьютерные игры; Играю, но не в соревновательные игры",,Не играю в игры этой категории,,Не играю в игры этой категории,,Не играю в игры этой категории,,Не играю в игры этой категории,,"Как можно больше занятий, чтобы максимально углубиться в программу и наработать навыки, ходить на концерты и заводить полезные знакомства)",,Студсовет,Нет,8,,,45,Работают или планируют работать,,
222,2026-09-22 10:08:46,324,False,1 курс,Современная музыка,МШМ,Бакалавриат,"В основном сам(а), посоветовавшись с семьёй",Участвовал(а) без результата,Читаю и говорю свободно,6–10,,не планирую,,30–60 минут,"Да, участвовать",4,Организация собственного времени; Объём и темп нагрузки; Сессия и экзамены,,Закрыть сессии без задолженностей; Собрать портфолио; Курсовая работа или ВКР,,,,,,"Играю в командные компьютерные игры; Играю в одиночные компьютерные игры; Играю в мобильные игры; Играю, но не в соревновательные игры",,,Brawl stars lol + rb,Mortal Kombat 1,God of war; Tsusima,,,,,"Хочу познакомится с новыми интересными людьми, обучится производству качественной музыки на профессиональной уровне, и научится зарабатывать в музыкальной среде не только как артист",,"концерты, поездки в другие страны, активизм",Предпочли не отвечать,8,,,45,Не планируют работать,,
223,2026-09-22 10:10:10,207,False,1 курс,Современная музыка,МШМ,Бакалавриат,"В основном сам(а), посоветовавшись с семьёй",Нет,Читаю и говорю свободно,11–15,,до 10 часов в неделю,"нет, ради заработка",30–60 минут,"Да, участвовать",5,Организация собственного времени; Дорога и режим дня,,"Закрыть сессии без задолженностей; Курсовая работа или ВКР; Найти круг общения, влиться в среду",,,,,,Участвую в творческих или общественных проектах,,,Minecraft,Не играю в игры этой категории,,Не играю в игры этой категории,,Не играю в игры этой категории,,,,"Концерт, муз.фестиваль и тому подобное",Нет,13,,,45,Работают или планируют работать,,
228,2026-09-22 12:01:31,4194,True,1 курс,Современная музыка,МШМ,Бакалавриат,"В основном сам(а), посоветовавшись с семьёй",Нет,"Читаю и говорю со словарём, понимаю основное",0,,не планирую,,30–60 минут,"Да, приходить как зритель",2,Организация собственного времени; Объём и темп нагрузки; Дорога и режим дня,,"Собрать портфолио; Собственный проект; Найти круг общения, влиться в среду",,,,,,"Играю в одиночные компьютерные игры; Играю, но не в соревновательные игры; Занимаюсь спортом",,Не играю в игры этой категории,Раньше играла в Repo,,Прохожу сейчас Baldurs Gate 3; Helics,Не играю в игры этой категории,,Не играю в игры этой категории,,,,"Днд клубы, вечеринки, концерты",Да,0,,,45,Не планируют работать,,
269,2026-09-22 22:01:16,212,False,1 курс,Современная музыка,МШМ,Бакалавриат,Решал(а) самостоятельно,Нет,"Читаю и говорю со словарём, понимаю основное",6–10,,21–30 часов в неделю,смежная сфера,30–60 минут,"Да, участвовать",3,Усвоение учебного материала; Совмещение учёбы с работой; Публичные защиты и выступления,,"Подтянуть базовые навыки; Найти круг общения, влиться в среду",,,,,,Играю в одиночные компьютерные игры; Играю в мобильные игры,,CS2,,,,,,,,,,,Да,8,,,45,Работают или планируют работать,,
11,2026-09-10 12:31:24,192,False,1 курс,Стратегические коммуникации и управление репутацией в КИ,БВШД,Бакалавриат,"В основном сам(а), посоветовавшись с семьёй",Нет,"Читаю и говорю со словарём, понимаю основное",1–5,,пока не знаю,,30–60 минут,"Да, участвовать",4,Организация собственного времени; Сессия и экзамены,,"Закрыть сессии без задолженностей; Собственный проект; Найти круг общения, влиться в среду",,,,,,Занимаюсь спортом,,Не играю в игры этой категории,,Не играю в игры этой категории,,Не играю в игры этой категории,,шашки,,найти крутых ребят и конечно узнать много нового,,,Предпочли не отвечать,3,,,45,Пока не знают,,
58,2026-09-11 19:52:25,396,False,1 курс,Стратегические коммуникации и управление репутацией в КИ,БВШД,Бакалавриат,"В основном сам(а), посоветовавшись с семьёй",Нет,Практически не читаю и не говорю,11–15,,пока не знаю,,60–90 минут,"Да, приходить как зритель",4,Сессия и экзамены; Английский язык,,"Закрыть сессии без задолженностей; Подтянуть базовые навыки; Найти круг общения, влиться в среду",,,,,,Не играю и ничем из перечисленного не занимаюсь,,Не играю в игры этой категории,,Не играю в игры этой категории,,PUBG Mobile,,,,,,,Нет,13,,,75,Пока не знают,,
246,2026-09-22 20:37:04,277,False,1 курс,Стратегические коммуникации и управление репутацией в КИ,БВШД,Бакалавриат,Решал(а) самостоятельно,Призёр или победитель школьного либо регионального этапа,"Читаю и говорю со словарём, понимаю основное",11–15,,11–20 часов в неделю,смежная сфера,60–90 минут,Нет,5,Публичные защиты и выступления,,"Собственный проект; Подтянуть базовые навыки; Найти круг общения, влиться в среду",,,,,,Играю в одиночные компьютерные игры; Занимаюсь спортом; Участвую в творческих или общественных проектах,,,Call of duty,Mortal Kombat 1,,,,,,,,,Нет,13,,,75,Работают или планируют работать,,
315,2026-09-27 21:22:03,237,False,2 курс,Анимация,Scream,Бакалавриат,,,,более 25,16–20,пока не знаю,,30–60 минут,,3,Объём и темп нагрузки; Сессия и экзамены; Общение с однокурсниками,,Закрыть сессии без задолженностей; Собрать портфолио; Собственный проект,,"Нет, не думал(а)",,Контактов с индустрией; Всего хватает,,Играю в командные компьютерные игры; Играю в одиночные компьютерные игры; Участвую в творческих или общественных проектах,,,,,,,,,,Хотелось бы продуктивно учиться и параллельно организовывать свои собственные проекты,,"Косплей, вечеринки любые, клубы",Да,28,18.0,"Больше, чем в прошлом году",45,Пока не знают,Не думали,0.0
316,2026-09-27 21:38:57,732,False,2 курс,Анимация,Scream,Бакалавриат,,,,6–10,16–20,пока не знаю,,60–90 минут,,4,Объём и темп нагрузки; Дорога и режим дня; Английский язык,,"Закрыть сессии без задолженностей; Конкурсы, фестивали, соревнования; Подтянуть базовые навыки",,Думал(а) об академическом отпуске,,Всего хватает,,"Играю в одиночные компьютерные игры; Играю, но не в соревновательные игры; Занимаюсь спортом; Участвую в творческих или общественных проектах",,,,,,,,,,,Большое количество домашних заданий по разным предметам при малом количестве времени. Большая нагрузка в течение недели из-за долгой поездки в институт,,Да,8,18.0,"Меньше, чем в прошлом году",75,Пока не знают,Думали в прошлом году,1.0
317,2026-09-28 00:32:38,241,False,2 курс,Анимация,Scream,Бакалавриат,,,,6–10,6–10,пока не знаю,,60–90 минут,"Да, участвовать",4,Усвоение учебного материала; Объём и темп нагрузки; Публичные защиты и выступления,,Закрыть сессии без задолженностей; Собрать портфолио; Подтянуть базовые навыки,,Думал(а) о переводе на другую программу внутри университета,,Доступа к оборудованию и студиям,,Играю в одиночные компьютерные игры; Играю в мобильные игры,,,,,,,Cookie run,,,"Надеюсь разобраться в том, как создавать запоминающихся персонажей, улучшить свои навыки в рисовании, анимации и выступлении","Интерес Я изначально хотела учиться на анимации, но боялась, что это не для меня",Музыкальные выступления может быть,Нет,8,8.0,"Столько же, сколько в прошлом году",75,Пока не знают,Думали в прошлом году,1.0
318,2026-09-28 10:22:15,309,False,2 курс,Анимация,Scream,Бакалавриат,,,,16–20,6–10,11–20 часов в неделю,смежная сфера,30–60 минут,,4,"Совмещение учёбы с работой; Доступ к оборудованию и профильному ПО; Обратиться за помощью, когда что-то непонятно",,"Собрать портфолио; Работа по специальности; Конкурсы, фестивали, соревнования",,Думал(а) о переводе в другой вуз,,Доступа к оборудованию и студиям; Понятных требований к работам; Помощи с трудоустройством,,Играю в мобильные игры; Играю в шахматы или другие интеллектуальные игры; Участвую в творческих или общественных проектах,,,,,,,,,,,,"Соревнования, фестивали, конкурсы",Нет,18,8.0,"Больше, чем в прошлом году",45,Работают или планируют работать,Думали в прошлом году,1.0
258,2026-09-22 21:12:58,330,False,2 курс,Бренд-менеджмент и маркетинг в креативных индустриях,БВШД,Бакалавриат,,,,0,1–5,до 10 часов в неделю,смежная сфера,60–90 минут,,2,Усвоение учебного материала; Совмещение учёбы с работой; Сессия и экзамены,,Закрыть сессии без задолженностей; Собрать портфолио; Стажировка,,Думал(а) о переводе в другой вуз,,Практики и проектной работы; Контактов с индустрией; Помощи с трудоустройством,,Занимаюсь спортом,,,,,,,,,,"Ожидаю, что организация учебного процесса будет намного лучше чем она есть сейчас и была в прошлом году.","Организованность. К примеру в декабря 2025 года обещали стажировку, по специальности (изначально была запланирована на май) в итоге это сделали в конце августа просто экскурсию в компанию.","Выходы на московскую неделю моды, различные мероприятия(яндекс и тд)",Нет,0,3.0,"Меньше, чем в прошлом году",75,Работают или планируют работать,Думали в прошлом году,1.0
280,2026-09-23 01:57:13,182,False,2 курс,Бренд-менеджмент и маркетинг в креативных индустриях,БВШД,Бакалавриат,,,,1–5,1–5,пока не знаю,,до 30 минут,Нет,4,Сессия и экзамены,,Закрыть сессии без задолженностей; Собрать портфолио; Работа по специальности,,"Нет, не думал(а)",,Контактов с индустрией; Помощи с трудоустройством,,Играю в командные компьютерные игры,,Valorant,,,,,,,,,,,Нет,3,3.0,"Столько же, сколько в прошлом году",15,Пока не знают,Не думали,0.0
309,2026-09-25 11:21:02,343,False,2 курс,Бренд-менеджмент и маркетинг в креативных индустриях,БВШД,Бакалавриат,,,,11–15,1–5,до 10 часов в неделю,"нет, ради заработка",до 30 минут,,2,Совмещение учёбы с работой; Публичные защиты и выступления,,Закрыть сессии без задолженностей; Собрать портфолио; Курсовая работа или ВКР,,Думал(а) о переводе в другой вуз,,Регулярной обратной связи по работам,,Не играю и ничем из перечисленного не занимаюсь,,,,,,,,,,"Больше учебы на Английском языке, понятное расписание","Мало предметов на английском языке, а сам английский всего три часа в неделю.",,Предпочли не отвечать,13,3.0,"Больше, чем в прошлом году",15,Работают или планируют работать,Думали в прошлом году,1.0
190,2026-09-21 19:03:33,515,False,2 курс,Графический дизайн,БВШД,Бакалавриат,,,,6–10,6–10,до 10 часов в неделю,"да, по специальности",30–60 минут,,5,Организация собственного времени; Совмещение учёбы с работой; Сессия и экзамены,,"Закрыть сессии без задолженностей; Собрать портфолио; Конкурсы, фестивали, соревнования",,"Нет, не думал(а)",,Понятных требований к работам; Помощи с трудоустройством,,Играю в шахматы или другие интеллектуальные игры; Участвую в творческих или общественных проектах,,,,,,,,,,Хочу обрести множество профессиональных навыков и попрактиковаться больше,,"В шахматном или читательском клубе, конкурсах, фестивалях и вечеринках",Нет,8,8.0,"Столько же, сколько в прошлом году",45,Работают или планируют работать,Не думали,0.0
191,2026-09-21 19:04:12,393,False,2 курс,Графический дизайн,БВШД,Бакалавриат,,,,11–15,21–25,до 10 часов в неделю,"да, по специальности",30–60 минут,,4,Организация собственного времени; Дорога и режим дня,,"Собрать портфолио; Стажировка; Конкурсы, фестивали, соревнования",,"Нет, не думал(а)",,Контактов с индустрией; Понятных требований к работам; Помощи с трудоустройством,,"Играю, но не в соревновательные игры; Участвую в творческих или общественных проектах",,,,,,,,,,,,,Нет,13,23.0,"Меньше, чем в прошлом году",45,Работают или планируют работать,Не думали,0.0
199,2026-09-21 19:43:44,225,False,2 курс,Графический дизайн,БВШД,Бакалавриат,,,,6–10,6–10,пока не знаю,,30–60 минут,,4,Сессия и экзамены; Публичные защиты и выступления,,Собственный проект; Подтянуть базовые навыки,,"Нет, не думал(а)",,Понятных требований к работам; Помощи с трудоустройством; Гибкости в выборе дисциплин,,Не играю и ничем из перечисленного не занимаюсь,,,,,,,,,,"усвоение базовой информации о профиле деятельности, продуктивные проекты",,йога,Нет,8,8.0,"Столько же, сколько в прошлом году",45,Пока не знают,Не думали,0.0
176,2026-09-21 18:40:56,267,False,2 курс,Дизайн и архитектура интерьера,БВШД,Бакалавриат,,,,16–20,6–10,пока не знаю,,более 90 минут,Нет,4,Объём и темп нагрузки; Дорога и режим дня; Сессия и экзамены,,"Закрыть сессии без задолженностей; Собрать портфолио; Найти круг общения, влиться в среду",,"Нет, не думал(а)",,Доступа к оборудованию и студиям; Понятных требований к работам; Помощи с трудоустройством,,Играю в одиночные компьютерные игры,,,,,Skyrim; Animal crossing,,,,,надеюсь всё будет хорошо. не забудьте пожалуйста про студенческие для второго курса,,"ярмарка какая-нибудь, книжные чтения или что-то в этом роде",Нет,18,8.0,"Больше, чем в прошлом году",105,Пока не знают,Не думали,0.0
179,2026-09-21 18:42:30,200,False,2 курс,Дизайн и архитектура интерьера,БВШД,Бакалавриат,,,,1–5,1–5,до 10 часов в неделю,"нет, ради заработка",30–60 минут,Нет,4,Организация собственного времени; Совмещение учёбы с работой,,Собрать портфолио; Работа по специальности; Подтянуть базовые навыки,,Уже перевел(-ась) из другого вуза или внутри университета,,Контактов с индустрией; Понятных требований к работам; Помощи с трудоустройством,,Играю в одиночные компьютерные игры,,,,,Sims 4,,,,,,,,Нет,3,3.0,"Столько же, сколько в прошлом году",45,Работают или планируют работать,Уже перевелись,0.0
206,2026-09-21 20:52:16,207,False,2 курс,Дизайн и архитектура интерьера,БВШД,Бакалавриат,,,,6–10,6–10,пока не знаю,,30–60 минут,,4,Совмещение учёбы с работой; Сессия и экзамены; Английский язык,,"Курсовая работа или ВКР; Стажировка; Найти круг общения, влиться в среду",,Уже перевел(-ась) из другого вуза или внутри университета,,Всего хватает,,Играю в одиночные компьютерные игры; Участвую в творческих или общественных проектах,,,,,,,,,,Интересный учебный материал,,,Нет,8,8.0,"Столько же, сколько в прошлом году",45,Пока не знают,Уже перевелись,0.0
207,2026-09-21 21:08:17,521,False,2 курс,Дизайн и архитектура интерьера,БВШД,Бакалавриат,,,,6–10,6–10,21–30 часов в неделю,смежная сфера,60–90 минут,,3,Дорога и режим дня; Публичные защиты и выступления; Английский язык,,Закрыть сессии без задолженностей; Собрать портфолио; Подтянуть базовые навыки,,Предпочитаю не отвечать,,Понятных требований к работам,,Играю в командные компьютерные игры; Занимаюсь спортом,,,,,,,,,,,,"Спортивные, скорее всего",Да,8,8.0,"Столько же, сколько в прошлом году",75,Работают или планируют работать,Предпочли не отвечать,
304,2026-09-24 09:45:48,210,False,2 курс,Дизайн и архитектура интерьера,БВШД,Бакалавриат,,,,1–5,6–10,пока не знаю,,60–90 минут,,4,"Дорога и режим дня; Общение с однокурсниками; Обратиться за помощью, когда что-то непонятно",,"Закрыть сессии без задолженностей; Собрать портфолио; Найти круг общения, влиться в среду",,"Нет, не думал(а)",,Контактов с индустрией; Регулярной обратной связи по работам; Понятных требований к работам,,Играю в одиночные компьютерные игры; Играю в мобильные игры; Занимаюсь спортом,,,,,,,,,,,,,Нет,3,8.0,"Меньше, чем в прошлом году",75,Пока не знают,Не думали,0.0
173,2026-09-21 18:38:56,139,False,2 курс,Дизайн одежды и текстиля,БВШД,Бакалавриат,,,,11–15,11–15,пока не знаю,,до 30 минут,,3,Организация собственного времени; Объём и темп нагрузки; Английский язык,,Закрыть сессии без задолженностей; Собрать портфолио; Стажировка,,Думал(а) о переводе в другой вуз,,Контактов с индустрией; Регулярной обратной связи по работам; Понятных требований к работам,,Не играю и ничем из перечисленного не занимаюсь,,,,,,,,,,,,,Нет,13,13.0,"Столько же, сколько в прошлом году",15,Пока не знают,Думали в прошлом году,1.0
178,2026-09-21 18:42:05,154,False,2 курс,Дизайн одежды и текстиля,БВШД,Бакалавриат,,,,16–20,16–20,не планирую,,30–60 минут,,3,Объём и темп нагрузки; Сессия и экзамены; Публичные защиты и выступления,,Закрыть сессии без задолженностей,,Думал(а) о переводе на другую программу внутри университета; Думал(а) о переводе в другой вуз,,Понятных требований к работам,,Занимаюсь спортом,,,,,,,,,,,,,Нет,18,18.0,"Столько же, сколько в прошлом году",45,Не планируют работать,Думали в прошлом году,1.0
186,2026-09-21 18:50:42,191,False,2 курс,Дизайн одежды и текстиля,БВШД,Бакалавриат,,,,16–20,более 25,21–30 часов в неделю,"да, по специальности",60–90 минут,,4,Организация собственного времени; Совмещение учёбы с работой; Дорога и режим дня,,Закрыть сессии без задолженностей; Собрать портфолио; Собственный проект,,"Нет, не думал(а)",,Контактов с индустрией; Регулярной обратной связи по работам; Понятных требований к работам,,Играю в командные компьютерные игры; Играю в одиночные компьютерные игры; Занимаюсь спортом,,,,,,,,,,,,,Да,18,28.0,"Меньше, чем в прошлом году",75,Работают или планируют работать,Не думали,0.0
188,2026-09-21 18:59:13,427,False,2 курс,Дизайн одежды и текстиля,БВШД,Бакалавриат,,,,21–25,16–20,пока не знаю,,60–90 минут,,4,Организация собственного времени; Объём и темп нагрузки; Дорога и режим дня,,Закрыть сессии без задолженностей; Подтянуть базовые навыки,,"Нет, не думал(а)",,Доступа к оборудованию и студиям; Контактов с индустрией,,Играю в командные компьютерные игры; Играю в мобильные игры; Занимаюсь спортом; Участвую в творческих или общественных проектах,,,,,,,,,,В нетерпении получать новые знания и много учиться,,,Нет,23,18.0,"Больше, чем в прошлом году",75,Пока не знают,Не думали,0.0
201,2026-09-21 19:49:12,369,False,2 курс,Дизайн одежды и текстиля,БВШД,Бакалавриат,,,,16–20,16–20,не планирую,,30–60 минут,,4,Организация собственного времени; Объём и темп нагрузки; Дорога и режим дня,,Закрыть сессии без задолженностей; Собрать портфолио; Подтянуть базовые навыки,,"Нет, не думал(а)",,Понятных требований к работам,,"Играю в одиночные компьютерные игры; Играю, но не в соревновательные игры; Участвую в творческих или общественных проектах",,,,,,,,,,"Я ожидаю, что научусь профессионально конструировать одежду, а так же смогу лучше работать на профессиональном оборудовании",,Я бы приняла участие в творческих конкурсах и мастер-классах,Предпочли не отвечать,18,18.0,"Столько же, сколько в прошлом году",45,Не планируют работать,Не думали,0.0
216,2026-09-22 08:22:39,1615,False,2 курс,Дизайн одежды и текстиля,БВШД,Бакалавриат,,,,11–15,16–20,пока не знаю,,60–90 минут,,5,Организация собственного времени; Объём и темп нагрузки; Сессия и экзамены,,Закрыть сессии без задолженностей; Стажировка; Другое (свой вариант),Стажировка и раньше закончить сессии,Думал(а) о переводе в другой вуз; Думал(а) об отчислении из университета; Думаю об этом сейчас,,Практики и проектной работы; Контактов с индустрией; Другое (свой вариант),"Контактов и реальной практики, стажировки в фэшн",Играю в мобильные игры; Занимаюсь спортом; Участвую в творческих или общественных проектах,,,,,,,,,,Не значиматьсч вещами не по теме,"Цена за обучение Слишком поздний период сессий и выставок- на 2 месяца почти позже чем все остальные вузы Только один носитель английского на 14 групп Непонятные требования преподавателей Отсутствие нормальных мест поесть Отсутствие сна и работа по ночам над проектами Непонятно будет ли гос аккредитация на фэшн до 2029 года и неясность вообще будет ли диплом Самое главное: из-за того что мы начинаем в 10 :30 а заканчиваем в 17, и уже нет возможности встретиться с друзьями, погулять, даже купить необходимые материалы к след занятию. Все заканчивают гораздо раньше","Спорт, баскет бадминтон и тд Стажировки Совместные мероприятия с другими курсами- поход куда нибудь Поездка куда нибудь",Нет,13,18.0,"Меньше, чем в прошлом году",75,Пока не знают,Думают сейчас,1.0
218,2026-09-22 08:51:00,839,False,2 курс,Дизайн одежды и текстиля,БВШД,Бакалавриат,,,,16–20,более 25,пока не знаю,,30–60 минут,,3,Усвоение учебного материала; Объём и темп нагрузки; Общение с однокурсниками,,"Собрать портфолио; Подтянуть базовые навыки; Найти круг общения, влиться в среду",,Думал(а) об академическом отпуске,,Индивидуальных консультаций; Регулярной обратной связи по работам,,"Играю, но не в соревновательные игры; Занимаюсь спортом",,,,,,,,,,"Я ожидаю очень насыщенную новыми знаниями и навыками программу, уже готова к тому, что что-то может не получаться или быть сложным в первое время, это одновременно и пугает, и даёт понимание о грядущем прогрессе. В этом году нас будут больше погружать в профессиональную среду, я очень жду сессии по работе с проф. оборудованием, навыки, которым нас будут обучать обязательно пригодятся и помогут в реализации самых «сумасшедших» и креативных решений.","Излишняя тревожность за результаты, непонимание распределения времени, в следствие чего — переработки, отсутствие отдыха и выгорание","Я с радостью бы помогала ребятам из студ.совета с организацией ивентов. Также было бы круто организовать для нашего факультета какую-нибудь учебную поездку, как это было в прошлом году со Стамбулом или в этом году на курсе 3D дизайна в Китай.",Нет,18,28.0,"Меньше, чем в прошлом году",45,Пока не знают,Думали в прошлом году,1.0
230,2026-09-22 13:41:03,381,False,2 курс,Дизайн одежды и текстиля,БВШД,Бакалавриат,,,,6–10,1–5,не планирую,,60–90 минут,,4,Организация собственного времени; Объём и темп нагрузки; Дорога и режим дня,,Закрыть сессии без задолженностей,,"Нет, не думал(а)",,Понятных требований к работам; Гибкости в выборе дисциплин,,Занимаюсь спортом,,,,,,,,,,,,,Нет,8,3.0,"Больше, чем в прошлом году",75,Не планируют работать,Не думали,0.0
238,2026-09-22 20:19:19,248,False,2 курс,Дизайн одежды и текстиля,БВШД,Бакалавриат,,,,11–15,1–5,до 10 часов в неделю,"нет, ради заработка",до 30 минут,,5,Усвоение учебного материала; Совмещение учёбы с работой; Доступ к оборудованию и профильному ПО,,Собрать портфолио; Собственный проект,,"Нет, не думал(а)",,Практики и проектной работы; Понятных требований к работам,,Занимаюсь спортом,,,,,,,,,,"Хочется узнать новую информацию, научиться работать в 3Д программах, освоить шитье",,"Стажировка, участие в показе как дизанер",Нет,13,3.0,"Больше, чем в прошлом году",15,Работают или планируют работать,Не думали,0.0
300,2026-09-23 19:33:10,395,False,2 курс,Дизайн одежды и текстиля,БВШД,Бакалавриат,,,,1–5,11–15,до 10 часов в неделю,"да, по специальности",30–60 минут,,5,Организация собственного времени; Совмещение учёбы с работой; Дорога и режим дня,,Собрать портфолио; Собственный проект; Подтянуть базовые навыки,,Думал(а) о переводе в другой вуз,,Доступа к оборудованию и студиям; Регулярной обратной связи по работам; Понятных требований к работам,,Участвую в творческих или общественных проектах,,,,,,,,,,,,,Нет,3,13.0,"Меньше, чем в прошлом году",45,Работают или планируют работать,Думали в прошлом году,1.0
189,2026-09-21 19:02:27,412,False,2 курс,Иллюстрация,БВШД,Бакалавриат,,,,1–5,21–25,пока не знаю,,до 30 минут,Нет,3,Организация собственного времени; Объём и темп нагрузки; Сессия и экзамены,,Закрыть сессии без задолженностей; Собрать портфолио; Подтянуть базовые навыки,,"Нет, не думал(а)",,Понятных требований к работам; Помощи с трудоустройством,,Играю в мобильные игры,,,,,,,Pocket mortys,,,"Интересно, хорошее общение, но очень утомительно, высокая нагрузка.",,"арт ярмарки, вечеринки, настольные игры",Да,3,23.0,"Меньше, чем в прошлом году",15,Пока не знают,Не думали,0.0
214,2026-09-22 01:12:03,406,False,2 курс,Иллюстрация,БВШД,Бакалавриат,,,,6–10,1–5,пока не знаю,,30–60 минут,,4,Организация собственного времени; Сессия и экзамены; Доступ к оборудованию и профильному ПО,,Закрыть сессии без задолженностей; Собственный проект; Подтянуть базовые навыки,,Думал(а) об отчислении из университета; Думал(а) об академическом отпуске,,Доступа к оборудованию и студиям; Другое (свой вариант),Стабильности расписания и работы ресурсов с этим расписанием,"Играю в командные компьютерные игры; Играю в одиночные компьютерные игры; Играю в мобильные игры; Играю, но не в соревновательные игры",,,,,,,,,,,,,Предпочли не отвечать,8,3.0,"Больше, чем в прошлом году",45,Пока не знают,Думали в прошлом году,1.0
224,2026-09-22 10:22:18,127,False,2 курс,Иллюстрация,БВШД,Бакалавриат,,,,11–15,11–15,не планирую,,более 90 минут,,4,Организация собственного времени; Объём и темп нагрузки; Дорога и режим дня,,"Собрать портфолио; Стажировка; Найти круг общения, влиться в среду",,"Нет, не думал(а)",,Понятных требований к работам,,Занимаюсь спортом,,,,,,,,,,,,,Нет,13,13.0,"Столько же, сколько в прошлом году",105,Не планируют работать,Не думали,0.0
233,2026-09-22 15:03:32,404,False,2 курс,Иллюстрация,БВШД,Бакалавриат,,,,1–5,21–25,до 10 часов в неделю,"нет, ради заработка",30–60 минут,"Да, приходить как зритель",3,Организация собственного времени; Объём и темп нагрузки; Дорога и режим дня,,Закрыть сессии без задолженностей; Собрать портфолио; Стажировка,,Думаю об этом сейчас,,Контактов с индустрией; Регулярной обратной связи по работам; Понятных требований к работам,,Играю в командные компьютерные игры; Играю в одиночные компьютерные игры; Играю в мобильные игры,,,,,,,Identity V; SuitU,,,,Путешествие в другую страну и общение со студентами из зарубежных вузов,"Кинофестивали, конкурсы, тд. Почти во всем",Нет,3,23.0,"Меньше, чем в прошлом году",45,Работают или планируют работать,Думают сейчас,1.0
234,2026-09-22 15:22:29,248,False,2 курс,Иллюстрация,БВШД,Бакалавриат,,,,1–5,6–10,пока не знаю,,30–60 минут,,3,Объём и темп нагрузки; Дорога и режим дня,,Собрать портфолио; Работа по специальности; Собственный проект,,"Нет, не думал(а)",,Контактов с индустрией; Помощи с трудоустройством,,Играю в одиночные компьютерные игры; Играю в шахматы или другие интеллектуальные игры; Занимаюсь спортом,,,,,,,,,,,,,Нет,3,8.0,"Меньше, чем в прошлом году",45,Пока не знают,Не думали,0.0
237,2026-09-22 19:58:27,388,False,2 курс,Иллюстрация,БВШД,Бакалавриат,,,,11–15,16–20,до 10 часов в неделю,смежная сфера,30–60 минут,,4,Организация собственного времени; Объём и темп нагрузки; Совмещение учёбы с работой,,Закрыть сессии без задолженностей; Собрать портфолио; Собственный проект,,Предпочитаю не отвечать,,Другое (свой вариант),"Год только начался, я пока не знаю",Играю в мобильные игры; Занимаюсь спортом,,,,,,,,,,Хочу поехать в Китай,,"Какой-нибудь мини проект типа ""игра за 24 часа"" или "" комикс за 24 часа"", который реально можно будет отправить на конкурс",Предпочли не отвечать,13,18.0,"Меньше, чем в прошлом году",45,Работают или планируют работать,Предпочли не отвечать,
145,2026-09-14 18:48:30,175,False,2 курс,Кинопроизводство,МШК,Бакалавриат,,,,1–5,11–15,21–30 часов в неделю,"нет, ради заработка",60–90 минут,Нет,3,Организация собственного времени; Объём и темп нагрузки; Совмещение учёбы с работой,,"Закрыть сессии без задолженностей; Собрать портфолио; Найти круг общения, влиться в среду",,"Нет, не думал(а)",,Практики и проектной работы; Контактов с индустрией,,Играю в одиночные компьютерные игры; Играю в шахматы или другие интеллектуальные игры,,,,,,,,шахматы,,,,,Нет,3,13.0,"Меньше, чем в прошлом году",75,Работают или планируют работать,Не думали,0.0
146,2026-09-14 18:49:20,209,False,2 курс,Кинопроизводство,МШК,Бакалавриат,,,,более 25,11–15,11–20 часов в неделю,"да, по специальности",30–60 минут,,5,Объём и темп нагрузки; Совмещение учёбы с работой,,Собрать портфолио; Работа по специальности; Собственный проект,,"Нет, не думал(а)",,Доступа к оборудованию и студиям; Помощи с трудоустройством,,Играю в командные компьютерные игры; Играю в шахматы или другие интеллектуальные игры; Участвую в творческих или общественных проектах,,,,,,,,,,Пахать,,"Съёмка этюдов, проявка пленки",Нет,28,13.0,"Больше, чем в прошлом году",45,Работают или планируют работать,Не думали,0.0
147,2026-09-14 18:49:20,228,False,2 курс,Кинопроизводство,МШК,Бакалавриат,,,,11–15,6–10,пока не знаю,,30–60 минут,,5,Организация собственного времени; Доступ к оборудованию и профильному ПО,,"Конкурсы, фестивали, соревнования; Подтянуть базовые навыки",,"Нет, не думал(а)",,Доступа к оборудованию и студиям; Помощи с трудоустройством; Гибкости в выборе дисциплин,,Играю в командные компьютерные игры; Играю в одиночные компьютерные игры; Занимаюсь спортом,,,,,,,,,,,,,Нет,13,8.0,"Больше, чем в прошлом году",45,Пока не знают,Не думали,0.0
148,2026-09-14 18:50:05,258,False,2 курс,Кинопроизводство,МШК,Бакалавриат,,,,11–15,6–10,пока не знаю,,30–60 минут,,4,Дорога и режим дня; Сессия и экзамены; Публичные защиты и выступления,,Закрыть сессии без задолженностей; Собрать портфолио; Курсовая работа или ВКР,,"Нет, не думал(а)",,Контактов с индустрией; Помощи с трудоустройством,,Играю в шахматы или другие интеллектуальные игры; Занимаюсь спортом,,,,,,,,,,"Волнительно, не быть выбранной на направление которое я хочу.",,в стажировке на реальной съемочной площадке либо быть помощником даже кофе таскать,Нет,13,8.0,"Больше, чем в прошлом году",45,Пока не знают,Не думали,0.0
149,2026-09-14 18:50:39,306,False,2 курс,Кинопроизводство,МШК,Бакалавриат,,,,0,1–5,до 10 часов в неделю,"нет, ради заработка",30–60 минут,,3,Организация собственного времени; Объём и темп нагрузки; Совмещение учёбы с работой,,Подтянуть базовые навыки,,Думал(а) о переводе в другой вуз; Думал(а) об отчислении из университета; Думал(а) об академическом отпуске,,Практики и проектной работы; Гибкости в выборе дисциплин; Другое (свой вариант),Воемени,"Играю в командные компьютерные игры; Играю в одиночные компьютерные игры; Играю в мобильные игры; Играю в шахматы или другие интеллектуальные игры; Играю, но не в соревновательные игры",,,,,,,,,,,,,Нет,0,3.0,"Меньше, чем в прошлом году",45,Работают или планируют работать,Думали в прошлом году,1.0
150,2026-09-14 18:50:45,256,False,2 курс,Кинопроизводство,МШК,Бакалавриат,,,,6–10,6–10,пока не знаю,,до 30 минут,"Да, участвовать",4,"Объём и темп нагрузки; Совмещение учёбы с работой; Работа с источниками, тексты",,Собрать портфолио; Работа по специальности; Подтянуть базовые навыки,,"Нет, не думал(а)",,Индивидуальных консультаций; Регулярной обратной связи по работам; Понятных требований к работам,,Играю в командные компьютерные игры,,Dota 2; Apex Legends; Marvel Rivals,,,,,,,,,,,Предпочли не отвечать,8,8.0,"Столько же, сколько в прошлом году",15,Пока не знают,Не думали,0.0
151,2026-09-14 18:51:03,313,False,2 курс,Кинопроизводство,МШК,Бакалавриат,,,,6–10,6–10,до 10 часов в неделю,"да, по специальности",до 30 минут,,3,Совмещение учёбы с работой,,Стажировка; Работа по специальности; Собственный проект,,Думаю об этом сейчас,,Контактов с индустрией; Регулярной обратной связи по работам; Гибкости в выборе дисциплин,,Занимаюсь спортом; Участвую в творческих или общественных проектах,,,,,,,,,,Разделиться по специальностям и изучать только их,Желание актёрского,Не знаю,Нет,8,8.0,"Столько же, сколько в прошлом году",15,Работают или планируют работать,Думают сейчас,1.0
152,2026-09-14 18:52:31,388,False,2 курс,Кинопроизводство,МШК,Бакалавриат,,,,6–10,11–15,пока не знаю,,30–60 минут,,5,Организация собственного времени; Дорога и режим дня; Сессия и экзамены,,Закрыть сессии без задолженностей; Курсовая работа или ВКР; Работа по специальности,,"Нет, не думал(а)",,Доступа к оборудованию и студиям; Контактов с индустрией; Гибкости в выборе дисциплин,,Занимаюсь спортом; Участвую в творческих или общественных проектах,,,,,,,,,,крутые,,,Нет,8,13.0,"Меньше, чем в прошлом году",45,Пока не знают,Не думали,0.0
153,2026-09-14 18:53:02,416,False,2 курс,Кинопроизводство,МШК,Бакалавриат,,,,6–10,6–10,11–20 часов в неделю,"да, по специальности",60–90 минут,,4,"Сессия и экзамены; Доступ к оборудованию и профильному ПО; Обратиться за помощью, когда что-то непонятно",,"Курсовая работа или ВКР; Стажировка; Конкурсы, фестивали, соревнования",,"Нет, не думал(а)",,Доступа к оборудованию и студиям; Контактов с индустрией; Помощи с трудоустройством,,Участвую в творческих или общественных проектах,,,,,,,,,,Дай бог заработать денег,,Лекциях от приглашены педагогов и мастерклассов например по художественной постановке ( бутафорство),Нет,8,8.0,"Столько же, сколько в прошлом году",75,Работают или планируют работать,Не думали,0.0
154,2026-09-14 18:53:03,176,False,2 курс,Кинопроизводство,МШК,Бакалавриат,,,,16–20,11–15,пока не знаю,,60–90 минут,,5,Объём и темп нагрузки,,Закрыть сессии без задолженностей; Собрать портфолио; Стажировка,,"Нет, не думал(а)",,Контактов с индустрией; Понятных требований к работам,,Занимаюсь спортом; Участвую в творческих или общественных проектах,,,,,,,,,,"что удастся попасть на треки, которые хочется попасть",,,Нет,18,13.0,"Больше, чем в прошлом году",75,Пока не знают,Не думали,0.0
155,2026-09-14 18:53:31,471,False,2 курс,Кинопроизводство,МШК,Бакалавриат,,,,0,0,до 10 часов в неделю,"да, по специальности",30–60 минут,,1,Сессия и экзамены; Публичные защиты и выступления; Общение с однокурсниками,,"Подтянуть базовые навыки; Найти круг общения, влиться в среду",,"Нет, не думал(а)",,Доступа к оборудованию и студиям; Практики и проектной работы; Понятных требований к работам,,Играю в одиночные компьютерные игры; Играю в мобильные игры; Занимаюсь спортом; Участвую в творческих или общественных проектах,,,,,,,,,,,,,Нет,0,0.0,"Столько же, сколько в прошлом году",45,Работают или планируют работать,Не думали,0.0
156,2026-09-14 18:54:43,533,False,2 курс,Кинопроизводство,МШК,Бакалавриат,,,,6–10,6–10,пока не знаю,,60–90 минут,,4,Организация собственного времени; Объём и темп нагрузки; Дорога и режим дня,,Собрать портфолио; Стажировка; Работа по специальности,,"Нет, не думал(а)",,Контактов с индустрией,,Играю в одиночные компьютерные игры; Играю в шахматы или другие интеллектуальные игры; Участвую в творческих или общественных проектах,,,,,,,,,,,,,Нет,8,8.0,"Столько же, сколько в прошлом году",75,Пока не знают,Не думали,0.0
157,2026-09-14 18:56:07,417,False,2 курс,Кинопроизводство,МШК,Бакалавриат,,,,6–10,6–10,пока не знаю,,30–60 минут,,3,"Организация собственного времени; Обратиться за помощью, когда что-то непонятно",,"Работа по специальности; Собственный проект; Найти круг общения, влиться в среду",,Думал(а) о переводе на другую программу внутри университета,,Контактов с индустрией; Регулярной обратной связи по работам; Помощи с трудоустройством,,Играю в одиночные компьютерные игры; Играю в мобильные игры; Играю в шахматы или другие интеллектуальные игры; Занимаюсь спортом,,,,,,,,,,,возникший интерес к другому направлению,"игры в днд, кинопоказы",Предпочли не отвечать,8,8.0,"Столько же, сколько в прошлом году",45,Пока не знают,Думали в прошлом году,1.0
158,2026-09-14 18:56:36,668,False,2 курс,Кинопроизводство,МШК,Бакалавриат,,,,6–10,1–5,пока не знаю,,60–90 минут,"Да, участвовать",4,Другое (свой вариант),попасть на трек который хочешь,"Закрыть сессии без задолженностей; Собрать портфолио; Найти круг общения, влиться в среду",,Думал(а) о переводе на другую программу внутри университета,,Контактов с индустрией; Гибкости в выборе дисциплин,,Играю в командные компьютерные игры,,CS2,,,,,,,,"хз, удивил тейк, что попасть на направление которое хотел, буквально превратилось в голодные игры, где есть только 20 мест страно",личные мысли,турнир по кс2 от университета,Да,8,3.0,"Больше, чем в прошлом году",75,Пока не знают,Думали в прошлом году,1.0
159,2026-09-14 18:57:47,733,False,2 курс,Кинопроизводство,МШК,Бакалавриат,,,,6–10,16–20,11–20 часов в неделю,"да, по специальности",30–60 минут,,4,Объём и темп нагрузки; Совмещение учёбы с работой; Доступ к оборудованию и профильному ПО,,Собрать портфолио; Курсовая работа или ВКР; Работа по специальности,,"Нет, не думал(а)",,Контактов с индустрией; Помощи с трудоустройством,,"Играю в командные компьютерные игры; Играю в одиночные компьютерные игры; Играю в мобильные игры; Играю в шахматы или другие интеллектуальные игры; Играю, но не в соревновательные игры; Занимаюсь спортом; Участвую в творческих или общественных проектах",,,,,,,,,,Много работы в университете. Сложности в совмещении работы и учебы. Интересные предметы и плотная работа с однокурсниками,,Съемка коротких метров,Нет,8,18.0,"Меньше, чем в прошлом году",45,Работают или планируют работать,Не думали,0.0
160,2026-09-14 19:03:27,1055,False,2 курс,Кинопроизводство,МШК,Бакалавриат,,,,16–20,21–25,до 10 часов в неделю,смежная сфера,60–90 минут,,4,Организация собственного времени; Совмещение учёбы с работой; Другое (свой вариант),"Коммуникация с координатором и учебным отделом. Всё лето была абсолютно безответственная работа администрации, что крайне критично повлияло на летнюю практику многих студентов.","Собрать портфолио; Конкурсы, фестивали, соревнования; Подтянуть базовые навыки",,Думал(а) о переводе на другую программу внутри университета; Думал(а) о переводе в другой вуз; Думал(а) об отчислении из университета; Думал(а) об академическом отпуске; Думаю об этом сейчас,,Индивидуальных консультаций; Доступа к оборудованию и студиям; Регулярной обратной связи по работам,,Играю в мобильные игры; Играю в шахматы или другие интеллектуальные игры; Участвую в творческих или общественных проектах,,,,,,,,,,"Очень расплывчатые. Вся координация с самого начала лета очень тревожит и помимо практики и занятий над учебными проектами постоянно нужно нервничать из-за вопросов связанных с плохой программой или в особенности организации учебного процесса. А ещё волнует вопрос организации бюджета например на проектные недели, т.к. 6 этюдов, которые пойдут в портфолио, требуют вложений средств, даже небольших на один этюд, но сумма на 6 этюдов в любом случае будет приличной, т.к. средств рентала и/или фотостудии явно не хватит для такого наплыва студентов единомоментно.","Организация всего учебного процесса, цены, программа и в особенности обратная связь. Обратная связь, по крайней мере на первом курсе, была кошмаром. В общем практически всё не оправдало ожиданий, особенно за такую высокую цену обучения.","В расписании стоят пары с 10:30 до 21-го, какие внеучебные активности? Покормите нас пожалуйста просто....",Другое (свободный ответ),18,23.0,"Меньше, чем в прошлом году",75,Работают или планируют работать,Думают сейчас,1.0
161,2026-09-14 19:06:42,1258,False,2 курс,Кинопроизводство,МШК,Бакалавриат,,,,21–25,21–25,пока не знаю,,30–60 минут,,4,Организация собственного времени; Объём и темп нагрузки; Сессия и экзамены,,Собрать портфолио; Собственный проект; Другое (свой вариант),Научиться продюсировать собственные проекты,Думал(а) о переводе в другой вуз; Думаю об этом сейчас,,Контактов с индустрией; Регулярной обратной связи по работам; Помощи с трудоустройством,,Играю в шахматы или другие интеллектуальные игры; Занимаюсь спортом,,,,,,,,,,"Честно, уже не знаю чего ожидать. Плыву по течению, как пойдёт, так и пойдёт. Надеюсь наконец понять там ли я, где хочу быть, понять в какую сторону я в итоге хочу двигаться в будущем.","Тема кино мне очень интересна и я понимаю, что вроде бы хочу быть с этим связана, но хочется так же на сцену, мне не хватает театра и какого-то модернового творчества, а так же очень хочется пройти обучение за границей, для приобретения более уникального опыта.","Было бы время... У меня было много планов по внеклассным активности, но успею закрыть только базовые потребности (типо спать и танцы) нагрузка достаточно большая...",Предпочли не отвечать,23,23.0,"Столько же, сколько в прошлом году",45,Пока не знают,Думают сейчас,1.0
162,2026-09-14 19:07:22,1287,False,2 курс,Кинопроизводство,МШК,Бакалавриат,,,,0,0,более 30 часов в неделю,"да, по специальности",30–60 минут,,5,Организация собственного времени; Совмещение учёбы с работой; Другое (свой вариант),Координатор и ответы от него в нужный срок,"Собрать портфолио; Конкурсы, фестивали, соревнования; Собственный проект",,Предпочитаю не отвечать,,Контактов с индустрией; Понятных требований к работам; Помощи с трудоустройством,,Играю в шахматы или другие интеллектуальные игры; Участвую в творческих или общественных проектах,,,,,,,,,,"Я искренне не понимаю как вуз себе представляет что мы будем брать деньги на все перечисленные этюды? Откуда и каким образом? Если это предполагается за свой счет, то мне действительно не понятно по какой причине это происходит так. Оправдания в стиле «ну у вас рентал бесплатный и помещения в мшк» не работает, тк даже помимо перечисленного ЛЮБОЙ нормальный КАЧЕСТВЕННЫЙ этюд/работа/проект требует вложений собственных средств. И по рассказам прошлых курсов этих самых средств у них уходило не мало. Вот и получается, что те у кого есть возможность вложиться деньгами в свой собственный проект те и будут преимущественно выделяться на фоне других не менее способных учеников. А ещё очень логично что в проектные недели рентал будет забит и занят под завязку, как и фотостудия, и когда все скатывается в вопрос о том грубо говоря успел нажать на бронь и у кого тупо есть куча лишних средств на то чтобы снимать самостоятельно, тому просто больше повезло. Не знаю каким может быть решение этого вопроса но объективно разброс по силе не равный. А ещё мне и многим моим однокурсникам искренне не ясно по какой причине мы например на предмете «режиссура монтажа» делаем ровно тоже самое (очень схожее) с тем, что делали на первом курсе у Фаттахова, и просто не понятен смысл данных заданий тк нормальной обратной связи они просто сами по себе не предполагают. Хочется видеть более конкретные задания по профилю, по типу разбора монтажа клипов, жанровых историй и тд. В общем обидно что много денег и так стоит обучение и по мимо этого самса программа требует для получения приемлемого результата вкладывать соответственные средства, и где их брать не ясно тк с забитым расписанием времени на работу вне вуза просто не остается",,Времени нет на активности,Нет,0,0.0,"Столько же, сколько в прошлом году",45,Работают или планируют работать,Предпочли не отвечать,
164,2026-09-14 19:24:00,2299,False,2 курс,Кинопроизводство,МШК,Бакалавриат,,,,1–5,6–10,11–20 часов в неделю,смежная сфера,60–90 минут,,1,Организация собственного времени; Совмещение учёбы с работой; Дорога и режим дня,,"Собрать портфолио; Работа по специальности; Найти круг общения, влиться в среду",,Думал(а) о переводе в другой вуз; Думаю об этом сейчас,,Индивидуальных консультаций; Помощи с трудоустройством,,Играю в командные компьютерные игры; Играю в одиночные компьютерные игры; Занимаюсь спортом,,,,,,,,,,,"Постоянно меняющиеся правила университета, туманные перспективы, негативные отзывы студентов других курсов",,Предпочли не отвечать,3,8.0,"Меньше, чем в прошлом году",75,Работают или планируют работать,Думают сейчас,1.0
166,2026-09-14 23:25:40,16755,True,2 курс,Кинопроизводство,МШК,Бакалавриат,,,,1–5,1–5,до 10 часов в неделю,"да, по специальности",30–60 минут,,3,Объём и темп нагрузки,,Работа по специальности,,Думал(а) о переводе в другой вуз; Думал(а) об отчислении из университета,,Контактов с индустрией; Регулярной обратной связи по работам; Гибкости в выборе дисциплин,,Играю в мобильные игры; Занимаюсь спортом,,,,,,,,,,,,,Нет,3,3.0,"Столько же, сколько в прошлом году",45,Работают или планируют работать,Думали в прошлом году,1.0
167,2026-09-15 10:15:53,41972,True,2 курс,Кинопроизводство,МШК,Бакалавриат,,,,16–20,11–15,21–30 часов в неделю,смежная сфера,60–90 минут,,4,"Дорога и режим дня; Обратиться за помощью, когда что-то непонятно",,"Стажировка; Работа по специальности; Конкурсы, фестивали, соревнования",,"Нет, не думал(а)",,Контактов с индустрией; Помощи с трудоустройством,,Занимаюсь спортом,,,,,,,,,,,,,Нет,18,13.0,"Больше, чем в прошлом году",75,Работают или планируют работать,Не думали,0.0
169,2026-09-15 16:15:28,63362,True,2 курс,Кинопроизводство,МШК,Бакалавриат,,,,6–10,11–15,21–30 часов в неделю,смежная сфера,60–90 минут,,3,Организация собственного времени; Объём и темп нагрузки; Совмещение учёбы с работой,,Собрать портфолио; Стажировка; Работа по специальности,,Думал(а) об отчислении из университета,,Понятных требований к работам; Помощи с трудоустройством; Гибкости в выборе дисциплин,,Занимаюсь спортом; Участвую в творческих или общественных проектах,,,,,,,,,,-,Тяжело совмещать с работой,,Нет,8,13.0,"Меньше, чем в прошлом году",75,Работают или планируют работать,Думали в прошлом году,1.0
170,2026-09-15 19:26:20,573,False,2 курс,Кинопроизводство,МШК,Бакалавриат,,,,11–15,1–5,до 10 часов в неделю,смежная сфера,60–90 минут,,5,Совмещение учёбы с работой,,Собрать портфолио; Стажировка; Подтянуть базовые навыки,,Думаю об этом сейчас,,Индивидуальных консультаций; Регулярной обратной связи по работам; Понятных требований к работам,,Занимаюсь спортом; Участвую в творческих или общественных проектах,,,,,,,,,,"Я очень надеюсь, что администрация решит вопрос с организацией треков, тк нас никто не предупреждал, что возможно мы можем не попасть на те профили, на которые изначально хотели! Ставить нас перед фактом за 3 месяца нечестно!",Студентов ставят перед фактом во многих очень важных вопросах,,Нет,13,3.0,"Больше, чем в прошлом году",75,Работают или планируют работать,Думают сейчас,1.0
251,2026-09-22 20:41:54,244,False,2 курс,Кинопроизводство,МШК,Бакалавриат,,,,6–10,11–15,до 10 часов в неделю,"да, по специальности",60–90 минут,,4,Организация собственного времени; Объём и темп нагрузки; Дорога и режим дня,,Закрыть сессии без задолженностей; Собрать портфолио; Курсовая работа или ВКР,,"Нет, не думал(а)",,Доступа к оборудованию и студиям; Гибкости в выборе дисциплин; Всего хватает,,Участвую в творческих или общественных проектах,,,,,,,,,,надеюсь на лучшее,,"показ студенческих фильмов, празднование событий",Нет,8,13.0,"Меньше, чем в прошлом году",75,Работают или планируют работать,Не думали,0.0
267,2026-09-22 22:00:11,220,False,2 курс,Кинопроизводство,МШК,Бакалавриат,,,,6–10,1–5,до 10 часов в неделю,смежная сфера,более 90 минут,,4,Организация собственного времени; Объём и темп нагрузки; Совмещение учёбы с работой,,"Закрыть сессии без задолженностей; Собрать портфолио; Конкурсы, фестивали, соревнования",,"Нет, не думал(а)",,Практики и проектной работы; Контактов с индустрией; Помощи с трудоустройством,,Участвую в творческих или общественных проектах,,,,,,,,,,Не умереть,,Театр,Нет,8,3.0,"Больше, чем в прошлом году",105,Работают или планируют работать,Не думали,0.0
274,2026-09-22 22:47:48,393,False,2 курс,Кинопроизводство,МШК,Бакалавриат,,,,6–10,11–15,пока не знаю,,30–60 минут,Нет,1,Объём и темп нагрузки; Публичные защиты и выступления; Общение с однокурсниками,,"Закрыть сессии без задолженностей; Подтянуть базовые навыки; Найти круг общения, влиться в среду",,Думал(а) об академическом отпуске,,Индивидуальных консультаций; Регулярной обратной связи по работам; Понятных требований к работам,,Играю в командные компьютерные игры; Играю в одиночные компьютерные игры; Играю в мобильные игры,,,,,,Brawl Stars; Clash Royale,,,,,,,Нет,8,13.0,"Меньше, чем в прошлом году",45,Пока не знают,Думали в прошлом году,1.0
275,2026-09-22 22:49:40,288,False,2 курс,Кинопроизводство,МШК,Бакалавриат,,,,1–5,6–10,более 30 часов в неделю,"нет, ради заработка",более 90 минут,"Да, приходить как зритель",3,Совмещение учёбы с работой; Дорога и режим дня,,Собрать портфолио; Стажировка; Работа по специальности,,Думал(а) о переводе в другой вуз; Думал(а) об отчислении из университета,,Практики и проектной работы; Контактов с индустрией; Помощи с трудоустройством,,Играю в мобильные игры,,,,,,,Блокбаст,,,,"невозможность выбрать специальность на которую поступал изначально.... предполагается только 20 человек на трек, а все поступали почти ради режиссуры и продюсирования",,Да,3,8.0,"Меньше, чем в прошлом году",105,Работают или планируют работать,Думали в прошлом году,1.0
277,2026-09-22 22:57:54,505,False,2 курс,Кинопроизводство,МШК,Бакалавриат,,,,16–20,11–15,11–20 часов в неделю,смежная сфера,30–60 минут,,4,Объём и темп нагрузки; Совмещение учёбы с работой; Общение с однокурсниками,,"Собрать портфолио; Собственный проект; Найти круг общения, влиться в среду",,"Нет, не думал(а)",,Контактов с индустрией; Другое (свой вариант),"оборудования в rental. многие хорошие и необходимые позиции часто постоянно заняты, и их невозможно забронировать: камеры, стабилизаторы, микрофоны, свет",Играю в одиночные компьютерные игры; Занимаюсь спортом; Участвую в творческих или общественных проектах,,,,,,,,,,,,"лекции, мастер-классы на различные темы от профильных до профориентационных, встречи для студентов в неформальной обстановке (по интересам), литературные ивенты — возможно, книжный клуб или подобное",Предпочли не отвечать,18,13.0,"Больше, чем в прошлом году",45,Работают или планируют работать,Не думали,0.0
282,2026-09-23 07:44:47,843,False,2 курс,Кинопроизводство,МШК,Бакалавриат,,,,1–5,6–10,11–20 часов в неделю,"нет, ради заработка",30–60 минут,,4,"Доступ к оборудованию и профильному ПО; Обратиться за помощью, когда что-то непонятно; Другое (свой вариант)",Обеспечьте нормальную работу администрации,"Закрыть сессии без задолженностей; Конкурсы, фестивали, соревнования; Подтянуть базовые навыки",,Думал(а) о переводе в другой вуз; Думал(а) об отчислении из университета; Думаю об этом сейчас,,Контактов с индустрией; Всего хватает; Другое (свой вариант),"Знаний, которые нельзя было бы просто загуглить (на 1 курсе)",Играю в мобильные игры; Играю в шахматы или другие интеллектуальные игры; Занимаюсь спортом; Участвую в творческих или общественных проектах,,,,,,,,,,"Получить как можно больше теории и закрепление её на соответствующей практике. Хочу, чтобы ввели литературу 🙏","1 курс оказался разочаровывающим: минимум полезной информации, минимум теории, преподаватели по профильным дисциплинам приходили без чёткой программы, неподготовленные. Минимум академичности и привычных для высшего образования вещей. Недостаток оборудования. Несоответствие ожиданиям. Преподаватели - не действующие практики с качественной фильмографией, как было заверено изначально. Посмотрим, как будет в этом семестре. В таком образовании нет смысла, проще получить экономическое/филологическое качественное образование и потом пройти ДПО курсы, чтобы и работать в кино, и иметь запасной выход, и быть образованным человеком. Нерелевантность цены и качества","Организация концертов, швейный клуб (!) Эко-волонтёрство",Предпочли не отвечать,3,8.0,"Меньше, чем в прошлом году",45,Работают или планируют работать,Думают сейчас,1.0
293,2026-09-23 13:26:39,142,False,2 курс,Кинопроизводство,МШК,Бакалавриат,,,,6–10,16–20,21–30 часов в неделю,"да, по специальности",60–90 минут,,4,Организация собственного времени; Объём и темп нагрузки; Совмещение учёбы с работой,,Собрать портфолио; Стажировка; Подтянуть базовые навыки,,Предпочитаю не отвечать,,Контактов с индустрией; Понятных требований к работам; Гибкости в выборе дисциплин,,Занимаюсь спортом,,,,,,,,,,-,,-,Нет,8,18.0,"Меньше, чем в прошлом году",75,Работают или планируют работать,Предпочли не отвечать,
296,2026-09-23 13:40:57,194,False,2 курс,Кинопроизводство,МШК,Бакалавриат,,,,6–10,1–5,пока не знаю,,30–60 минут,,4,Объём и темп нагрузки; Доступ к оборудованию и профильному ПО,,Собрать портфолио; Собственный проект,,Думал(а) о переводе в другой вуз; Думал(а) об отчислении из университета,,Контактов с индустрией; Регулярной обратной связи по работам; Понятных требований к работам,,Участвую в творческих или общественных проектах,,,,,,,,,,,,,Нет,8,3.0,"Больше, чем в прошлом году",45,Пока не знают,Думали в прошлом году,1.0
303,2026-09-24 00:12:23,354,False,2 курс,Кинопроизводство,МШК,Бакалавриат,,,,0,1–5,пока не знаю,,60–90 минут,,4,Объём и темп нагрузки; Совмещение учёбы с работой; Дорога и режим дня,,Собрать портфолио; Работа по специальности; Собственный проект,,Думал(а) об отчислении из университета; Думаю об этом сейчас,,Практики и проектной работы; Гибкости в выборе дисциплин,,Занимаюсь спортом,,,,,,,,,,,,не интересует,Нет,0,3.0,"Меньше, чем в прошлом году",75,Пока не знают,Думают сейчас,1.0
143,2026-09-14 16:22:02,250,False,2 курс,Компьютерная музыка и аранжировка,МШМ,Бакалавриат,,,,1–5,1–5,до 10 часов в неделю,"да, по специальности",60–90 минут,,5,Сессия и экзамены; Английский язык; Общение с однокурсниками,,"Закрыть сессии без задолженностей; Работа по специальности; Найти круг общения, влиться в среду",,Думал(а) о переводе в другой вуз,,Контактов с индустрией; Помощи с трудоустройством; Гибкости в выборе дисциплин,,Занимаюсь спортом,,,,,,,,,,,Хотелось больше времени уделять направлению музыкальный бизнес,,Нет,3,3.0,"Столько же, сколько в прошлом году",75,Работают или планируют работать,Думали в прошлом году,1.0
168,2026-09-15 11:59:09,214,False,2 курс,Компьютерная музыка и аранжировка,МШМ,Бакалавриат,,,,более 25,более 25,11–20 часов в неделю,"да, по специальности",30–60 минут,,4,Организация собственного времени; Совмещение учёбы с работой; Дорога и режим дня,,"Стажировка; Конкурсы, фестивали, соревнования; Собственный проект",,"Нет, не думал(а)",,Практики и проектной работы; Контактов с индустрией; Помощи с трудоустройством,,Играю в командные компьютерные игры; Играю в одиночные компьютерные игры; Играю в шахматы или другие интеллектуальные игры; Занимаюсь спортом; Участвую в творческих или общественных проектах,,,,,,,,,,Будет гораздо интереснее и круче,,"Во всех, связанных с музыкой",Предпочли не отвечать,28,28.0,"Столько же, сколько в прошлом году",45,Работают или планируют работать,Не думали,0.0
261,2026-09-22 21:20:04,250,False,2 курс,Продюсирование и предпринимательство в креативных индустриях,БВШД,Бакалавриат,,,,16–20,11–15,до 10 часов в неделю,"да, по специальности",до 30 минут,,4,Сессия и экзамены; Публичные защиты и выступления; Общение с однокурсниками,,Закрыть сессии без задолженностей; Собрать портфолио; Стажировка,,Думаю об этом сейчас,,Индивидуальных консультаций; Контактов с индустрией; Понятных требований к работам,,Занимаюсь спортом; Участвую в творческих или общественных проектах,,,,,,,,,,,Кол-во профильных предметов в неделю,"Во всех, было бы время",Нет,18,13.0,"Больше, чем в прошлом году",15,Работают или планируют работать,Думают сейчас,1.0
272,2026-09-22 22:12:54,796,False,2 курс,Продюсирование и предпринимательство в креативных индустриях,БВШД,Бакалавриат,,,,1–5,1–5,уже работаю полный день,смежная сфера,30–60 минут,,5,Организация собственного времени; Совмещение учёбы с работой; Английский язык,,Закрыть сессии без задолженностей; Собрать портфолио; Работа по специальности,,Уже перевел(-ась) из другого вуза или внутри университета,,Контактов с индустрией; Помощи с трудоустройством; Гибкости в выборе дисциплин,,"Играю в мобильные игры; Играю в шахматы или другие интеллектуальные игры; Играю, но не в соревновательные игры; Участвую в творческих или общественных проектах",,,,,,,,,,"продвигаться в более быстром ритме, чем в прошлом году, сместить фокус внимания на пробелы в знаниях","Я перевелась с программы бренд менеджмента на программу продюсирования и на это повлияла Алина Полежаева, она вдохновила меня но то, чтобы заниматься тем, что реально мне близко. Приглашала на стажировки по специальности и в целом придала уверенности в себе и своих силах. Кстати, еще моя подруга тоже перевелась со мной по той же причине.","Скорее всего ни в каких, поскольку нет времени на это",Да,3,3.0,"Столько же, сколько в прошлом году",45,Работают или планируют работать,Уже перевелись,0.0
284,2026-09-23 08:39:08,234,False,2 курс,Продюсирование и предпринимательство в креативных индустриях,БВШД,Бакалавриат,,,,11–15,6–10,пока не знаю,,более 90 минут,,5,Английский язык; Общение с однокурсниками,,"Подтянуть базовые навыки; Найти круг общения, влиться в среду",,Уже перевел(-ась) из другого вуза или внутри университета,,Всего хватает,,Играю в командные компьютерные игры; Играю в одиночные компьютерные игры; Занимаюсь спортом,,,,,,,,,,Полезные знания,Политическая ситуация в стране откуда я перевелась,"Фестивали, выставки, лекции",Нет,13,8.0,"Больше, чем в прошлом году",105,Пока не знают,Уже перевелись,0.0
183,2026-09-21 18:46:31,508,False,2 курс,Промышленный дизайн,БВШД,Бакалавриат,,,,11–15,11–15,11–20 часов в неделю,смежная сфера,30–60 минут,,4,Усвоение учебного материала; Объём и темп нагрузки; Дорога и режим дня,,"Закрыть сессии без задолженностей; Найти круг общения, влиться в среду; Другое (свой вариант)",начать развиваться в профильной сфере,Уже перевел(-ась) из другого вуза или внутри университета,,Контактов с индустрией; Помощи с трудоустройством; Всего хватает,,Играю в шахматы или другие интеллектуальные игры; Занимаюсь спортом; Участвую в творческих или общественных проектах,,,,,,,,,,"много нового и интересного, приятная усталость и тд","много факторов, окончательное решение помогли принять разговоры со студентов разных направлений",во всех,Нет,13,13.0,"Столько же, сколько в прошлом году",45,Работают или планируют работать,Уже перевелись,0.0
184,2026-09-21 18:46:38,601,False,2 курс,Промышленный дизайн,БВШД,Бакалавриат,,,,6–10,16–20,21–30 часов в неделю,"нет, ради заработка",30–60 минут,"Да, участвовать",4,Объём и темп нагрузки; Сессия и экзамены; Публичные защиты и выступления,,Собрать портфолио; Собственный проект; Подтянуть базовые навыки,,Думал(а) о переводе на другую программу внутри университета,,Контактов с индустрией; Понятных требований к работам; Помощи с трудоустройством,,Играю в командные компьютерные игры,,,Repo; Peak; Invokyr; Maincraft; Sally face; The last of us; Omori,,,,,,,,Я уже перевелась с иллюстрации на промышленный дизайн тк это перспективнее и в какой-то степени интереснее,"В чем-нибудь, что полезно для портфолио",Да,8,18.0,"Меньше, чем в прошлом году",45,Работают или планируют работать,Думали в прошлом году,1.0
194,2026-09-21 19:17:49,2022,False,2 курс,Промышленный дизайн,БВШД,Бакалавриат,,,,более 25,6–10,пока не знаю,,30–60 минут,Нет,3,"Объём и темп нагрузки; Дорога и режим дня; Работа с источниками, тексты",,Закрыть сессии без задолженностей; Работа по специальности; Собственный проект,,Думал(а) о переводе в другой вуз,,Контактов с индустрией; Помощи с трудоустройством; Гибкости в выборе дисциплин,,Играю в мобильные игры,,,,,,,Homeskapes,,,,,,Да,28,8.0,"Больше, чем в прошлом году",45,Пока не знают,Думали в прошлом году,1.0
200,2026-09-21 19:47:56,1685,False,2 курс,Промышленный дизайн,БВШД,Бакалавриат,,,,6–10,11–15,не планирую,,более 90 минут,,5,Дорога и режим дня; Публичные защиты и выступления; Английский язык,,"Подтянуть базовые навыки; Найти круг общения, влиться в среду",,Думал(а) об отчислении из университета; Думал(а) об академическом отпуске; Думаю об этом сейчас,,Всего хватает,,Играю в одиночные компьютерные игры; Играю в шахматы или другие интеллектуальные игры; Участвую в творческих или общественных проектах,,,,,,,,,,войду в прайм,"Плохо вливаюсь в коллектив, у меня мб какая-то нейроотличность не знаю","Лаборатории искусства, где работаем с институциями. Выставки, проекты",Да,8,13.0,"Меньше, чем в прошлом году",105,Не планируют работать,Думают сейчас,1.0
208,2026-09-21 21:23:11,180,False,2 курс,Промышленный дизайн,БВШД,Бакалавриат,,,,1–5,6–10,до 10 часов в неделю,смежная сфера,до 30 минут,,5,Организация собственного времени; Совмещение учёбы с работой,,Собрать портфолио; Работа по специальности; Собственный проект,,Уже перевел(-ась) из другого вуза или внутри университета,,Доступа к оборудованию и студиям; Контактов с индустрией; Гибкости в выборе дисциплин,,Играю в командные компьютерные игры; Играю в одиночные компьютерные игры; Занимаюсь спортом; Участвую в творческих или общественных проектах,,,,,,,,,,,,,Нет,3,8.0,"Меньше, чем в прошлом году",15,Работают или планируют работать,Уже перевелись,0.0
210,2026-09-21 22:37:46,490,False,2 курс,Промышленный дизайн,БВШД,Бакалавриат,,,,11–15,6–10,пока не знаю,,до 30 минут,,4,Совмещение учёбы с работой; Публичные защиты и выступления,,Закрыть сессии без задолженностей; Работа по специальности; Собственный проект,,"Нет, не думал(а)",,Контактов с индустрией; Помощи с трудоустройством; Гибкости в выборе дисциплин,,Занимаюсь спортом,,,,,,,,,,"Интересные проекты, которые будут актуальны в портфолио. Много нового материала и пространство для самостоятельного изучения интересующих тем",,,Нет,13,8.0,"Больше, чем в прошлом году",15,Пока не знают,Не думали,0.0
219,2026-09-22 09:48:27,228,False,2 курс,Промышленный дизайн,БВШД,Бакалавриат,,,,1–5,6–10,пока не знаю,,60–90 минут,Нет,4,Объём и темп нагрузки; Дорога и режим дня,,"Закрыть сессии без задолженностей; Подтянуть базовые навыки; Найти круг общения, влиться в среду",,"Нет, не думал(а)",,Контактов с индустрией; Регулярной обратной связи по работам; Понятных требований к работам,,Играю в одиночные компьютерные игры; Играю в мобильные игры,,,,,,Clash Royale,,,,,,,Предпочли не отвечать,3,8.0,"Меньше, чем в прошлом году",75,Пока не знают,Не думали,0.0
307,2026-09-24 13:06:51,295,False,2 курс,Развитие креативных проектов,БВШД,Магистратура,,,,6–10,16–20,уже работаю полный день,"да, по специальности",до 30 минут,,5,Объём и темп нагрузки; Совмещение учёбы с работой,,Собственный проект,,Думал(а) о переводе в другой вуз; Думал(а) об отчислении из университета,,Другое (свой вариант),сейчас всего хватает,Участвую в творческих или общественных проектах,,,,,,,,,,закончить и получить диплом,куратор и несоответствие программы моим ожиданиям,,Нет,8,18.0,"Меньше, чем в прошлом году",15,Работают или планируют работать,Думали в прошлом году,1.0
308,2026-09-24 21:22:06,103776,True,2 курс,Развитие креативных проектов,БВШД,Магистратура,,,,6–10,6–10,21–30 часов в неделю,"да, по специальности",60–90 минут,,3,Организация собственного времени; Объём и темп нагрузки; Совмещение учёбы с работой,,"Собрать портфолио; Собственный проект; Найти круг общения, влиться в среду",,"Нет, не думал(а)",,Практики и проектной работы; Контактов с индустрией; Гибкости в выборе дисциплин,,Занимаюсь спортом; Участвую в творческих или общественных проектах,,,,,,,,,,,,,Нет,8,8.0,"Столько же, сколько в прошлом году",75,Работают или планируют работать,Не думали,0.0
177,2026-09-21 18:41:02,258,False,2 курс,Современное искусство,БВШД,Бакалавриат,,,,6–10,6–10,пока не знаю,,60–90 минут,,3,Совмещение учёбы с работой; Дорога и режим дня; Другое (свой вариант),"Психологическое состояние, которое может повлиять на обучение","Собрать портфолио; Стажировка; Конкурсы, фестивали, соревнования",,"Нет, не думал(а)",,Доступа к оборудованию и студиям; Контактов с индустрией; Помощи с трудоустройством,,Участвую в творческих или общественных проектах,,,,,,,,,,,,Участие в опенколлах,Другое (свободный ответ),8,8.0,"Столько же, сколько в прошлом году",75,Пока не знают,Не думали,0.0
185,2026-09-21 18:49:46,786,False,2 курс,Современное искусство,БВШД,Бакалавриат,,,,11–15,11–15,пока не знаю,,60–90 минут,Нет,4,Дорога и режим дня; Сессия и экзамены,,"Собрать портфолио; Работа по специальности; Конкурсы, фестивали, соревнования",,Уже перевел(-ась) из другого вуза или внутри университета,,Доступа к оборудованию и студиям; Понятных требований к работам,,Играю в командные компьютерные игры; Играю в мобильные игры; Играю в шахматы или другие интеллектуальные игры,,,,,,,,шахматы,,,,,Нет,13,13.0,"Столько же, сколько в прошлом году",75,Пока не знают,Уже перевелись,0.0
312,2026-09-25 19:34:14,314,False,2 курс,Современное искусство,БВШД,Бакалавриат,,,,11–15,16–20,пока не знаю,,30–60 минут,,3,Организация собственного времени; Объём и темп нагрузки; Доступ к оборудованию и профильному ПО,,Собрать портфолио; Работа по специальности; Собственный проект,,Думал(а) об отчислении из университета,,Помощи с трудоустройством,,Играю в одиночные компьютерные игры; Участвую в творческих или общественных проектах,,,,,,,,,,"будет сложно и полезно, будут проблемы с классрумом и программами адоб, много внеклассной практики и погружение в специальность","было очень тяжело и страшно, начались проблемы с менталкой (сейчас в процессе диагностирования). с трудом вливалась в учебный процесс и чувствовала, что не вписываюсь в университет","в выставках, днях открытых дверей",Нет,13,18.0,"Меньше, чем в прошлом году",45,Пока не знают,Думали в прошлом году,1.0
247,2026-09-22 20:37:25,325,False,2 курс,Создание игр,Scream,Бакалавриат,,,,11–15,более 25,до 10 часов в неделю,"да, по специальности",30–60 минут,Нет,2,"Дорога и режим дня; Публичные защиты и выступления; Обратиться за помощью, когда что-то непонятно",,Закрыть сессии без задолженностей; Собрать портфолио; Подтянуть базовые навыки,,Думал(а) о переводе в другой вуз,,Индивидуальных консультаций; Контактов с индустрией; Понятных требований к работам,,Играю в командные компьютерные игры; Играю в одиночные компьютерные игры; Играю в мобильные игры,,,,,,,Cyberpunk 2077,,,"Никакие, университет сильно разочаровал своим отношением к учащимся","Я не вижу никаких перспектив здесь. Организация стала ужасной, доступ ко всему постоянно закрывается, преподаватели бывают видимо не хотят успеха своих учеников",,Да,13,28.0,"Меньше, чем в прошлом году",45,Работают или планируют работать,Думали в прошлом году,1.0
310,2026-09-25 12:30:00,241,False,2 курс,Создание игр,Scream,Бакалавриат,,,,1–5,6–10,не планирую,,60–90 минут,,5,Организация собственного времени; Доступ к оборудованию и профильному ПО,,Закрыть сессии без задолженностей; Курсовая работа или ВКР,,"Нет, не думал(а)",,Гибкости в выборе дисциплин,,Играю в командные компьютерные игры; Играю в одиночные компьютерные игры; Играю в мобильные игры; Играю в шахматы или другие интеллектуальные игры; Участвую в творческих или общественных проектах,,,,,,,,,,положительные,,,Нет,3,8.0,"Меньше, чем в прошлом году",75,Не планируют работать,Не думали,0.0
256,2026-09-22 21:07:14,669,False,3 курс,Архитектура и градостроительство,МАРШ,Бакалавриат,,,,0,1–5,не планирую,,60–90 минут,,4,Общение с однокурсниками; Другое (свой вариант),Не раздражаться,Другое (свой вариант),"Заниматься другой учебой параллельно, при этом получить хорошие оценки для будущей магистратуры",Думал(а) о переводе в другой вуз; Думал(а) об отчислении из университета; Думаю об этом сейчас,,Другое (свой вариант),"Истории искусств, истории кино, Английского языка (они были только на 1-2 курсе)",Занимаюсь спортом; Участвую в творческих или общественных проектах,,,,,,,,,,"Мне не хватает теоретических знаний, буду совмещать учебу в МШК с курсом переподготовки в другом унике, а после постараюсь попасть на магу по другой специальности. Сейчас меня не очень устраивает в МШК не структурированность занятий. Преподаватели приходят на пары словно просто поболтать. Редко, когда есть презентации, материал плохо усваивается (иногда его вообще нет)","сейчас я понимаю, что хочу заниматься культурологией и социальной/визуальной антропологией, а не просто уметь держать в руках камеру.",Дополнительные кружки (у нас их вроде нет),Да,0,3.0,"Меньше, чем в прошлом году",75,Не планируют работать,Думают сейчас,1.0
239,2026-09-22 20:33:25,95,False,3 курс,Бренд-менеджмент и маркетинг в креативных индустриях,БВШД,Бакалавриат,,,,6–10,1–5,до 10 часов в неделю,"да, по специальности",30–60 минут,,5,Совмещение учёбы с работой,,"Собственный проект; Подтянуть базовые навыки; Найти круг общения, влиться в среду",,"Нет, не думал(а)",,Помощи с трудоустройством; Всего хватает,,Занимаюсь спортом,,,,,,,,,,Классные преподы!,,,Нет,8,3.0,"Больше, чем в прошлом году",45,Работают или планируют работать,Не думали,0.0
279,2026-09-23 00:08:58,232,False,3 курс,Бренд-менеджмент и маркетинг в креативных индустриях,БВШД,Бакалавриат,,,,1–5,1–5,до 10 часов в неделю,"да, по специальности",30–60 минут,Нет,5,Другое (свой вариант),ничего,Собрать портфолио; Стажировка; Собственный проект,,"Нет, не думал(а)",,Практики и проектной работы; Контактов с индустрией; Помощи с трудоустройством,,Играю в шахматы или другие интеллектуальные игры,,,,,,,,,Судоку; Minute cryptic,"большие, много новых преподавателей",,выезды,Нет,3,3.0,"Столько же, сколько в прошлом году",45,Работают или планируют работать,Не думали,0.0
285,2026-09-23 10:53:34,336,False,3 курс,Бренд-менеджмент и маркетинг в креативных индустриях,БВШД,Бакалавриат,,,,1–5,1–5,11–20 часов в неделю,"да, по специальности",30–60 минут,,4,Дорога и режим дня; Доступ к оборудованию и профильному ПО; Другое (свой вариант),Работа администрации и наша с ней коммуникация портит весь учебный процесс,"Стажировка; Работа по специальности; Конкурсы, фестивали, соревнования",,Предпочитаю не отвечать,,Доступа к оборудованию и студиям; Контактов с индустрией; Помощи с трудоустройством,,Играю в одиночные компьютерные игры; Играю в шахматы или другие интеллектуальные игры; Занимаюсь спортом; Участвую в творческих или общественных проектах,,,,,,,,,,"Больше реальных кейсов, какие-то мероприятия, экскурсии и практика. Интересные проекты",,,Да,3,3.0,"Столько же, сколько в прошлом году",45,Работают или планируют работать,Предпочли не отвечать,
67,2026-09-14 14:08:05,149,False,3 курс,Графический дизайн,БВШД,Бакалавриат,,,,6–10,6–10,11–20 часов в неделю,"да, по специальности",30–60 минут,,4,Организация собственного времени; Объём и темп нагрузки,,"Собрать портфолио; Стажировка; Найти круг общения, влиться в среду",,"Нет, не думал(а)",,Контактов с индустрией; Помощи с трудоустройством,,Играю в шахматы или другие интеллектуальные игры; Занимаюсь спортом,,,,,,,,,,крутые,,,Нет,8,8.0,"Столько же, сколько в прошлом году",45,Работают или планируют работать,Не думали,0.0
70,2026-09-14 14:08:32,168,False,3 курс,Графический дизайн,БВШД,Бакалавриат,,,,11–15,6–10,пока не знаю,,60–90 минут,,3,Организация собственного времени; Объём и темп нагрузки; Сессия и экзамены,,Закрыть сессии без задолженностей; Собрать портфолио; Собственный проект,,Думал(а) об академическом отпуске,,Индивидуальных консультаций; Практики и проектной работы; Понятных требований к работам,,"Играю в командные компьютерные игры; Играю в мобильные игры; Играю, но не в соревновательные игры",,,,,,,,,,никакие,"здоровье и личные, семейные проблемы",,Нет,13,8.0,"Больше, чем в прошлом году",75,Пока не знают,Думали в прошлом году,1.0
73,2026-09-14 14:09:07,206,False,3 курс,Графический дизайн,БВШД,Бакалавриат,,,,21–25,более 25,пока не знаю,,30–60 минут,,5,"Дорога и режим дня; Работа с источниками, тексты; Обратиться за помощью, когда что-то непонятно",,Закрыть сессии без задолженностей; Собрать портфолио; Стажировка,,Думал(а) об отчислении из университета; Думал(а) об академическом отпуске,,Индивидуальных консультаций; Контактов с индустрией; Понятных требований к работам,,Играю в одиночные компьютерные игры; Занимаюсь спортом; Участвую в творческих или общественных проектах,,,,,,,,,,,,,Предпочли не отвечать,23,28.0,"Меньше, чем в прошлом году",45,Пока не знают,Думали в прошлом году,1.0
87,2026-09-14 14:11:41,364,False,3 курс,Графический дизайн,БВШД,Бакалавриат,,,,16–20,более 25,11–20 часов в неделю,"нет, ради заработка",60–90 минут,,3,"Работа с источниками, тексты; Публичные защиты и выступления; Общение с однокурсниками",,Собрать портфолио; Стажировка,,Думал(а) о переводе в другой вуз; Думал(а) об отчислении из университета; Думаю об этом сейчас,,Индивидуальных консультаций; Контактов с индустрией; Помощи с трудоустройством,,"Играю, но не в соревновательные игры; Занимаюсь спортом; Участвую в творческих или общественных проектах",,,,,,,,,,,,Что-то связанное с туризмом и поездками,Да,18,28.0,"Меньше, чем в прошлом году",75,Работают или планируют работать,Думают сейчас,1.0
92,2026-09-14 14:16:41,662,False,3 курс,Графический дизайн,БВШД,Бакалавриат,,,,16–20,16–20,до 10 часов в неделю,"да, по специальности",60–90 минут,"Да, приходить как зритель",5,Организация собственного времени; Дорога и режим дня; Публичные защиты и выступления,,Собрать портфолио; Стажировка; Подтянуть базовые навыки,,"Нет, не думал(а)",,Помощи с трудоустройством; Гибкости в выборе дисциплин,,Играю в командные компьютерные игры; Играю в одиночные компьютерные игры; Играю в мобильные игры; Играю в шахматы или другие интеллектуальные игры,,,,,,,,шашки; квизы и «Что? Где?Когда?»,,,,,Нет,18,18.0,"Столько же, сколько в прошлом году",75,Работают или планируют работать,Не думали,0.0
197,2026-09-21 19:28:11,302,False,3 курс,Графический дизайн,БВШД,Бакалавриат,,,,1–5,1–5,не планирую,,60–90 минут,"Да, участвовать",3,"Работа с источниками, тексты; Сессия и экзамены; Общение с однокурсниками",,Закрыть сессии без задолженностей; Собрать портфолио; Стажировка,,"Нет, не думал(а)",,Другое (свой вариант),Академических основ,Играю в одиночные компьютерные игры,,,,StarCraft II,,Не играю в игры этой категории,,Не играю в игры этой категории,,,,,Да,3,3.0,"Столько же, сколько в прошлом году",75,Не планируют работать,Не думали,0.0
202,2026-09-21 19:57:11,165,False,3 курс,Графический дизайн,БВШД,Бакалавриат,,,,1–5,1–5,до 10 часов в неделю,смежная сфера,до 30 минут,,4,Организация собственного времени; Сессия и экзамены; Общение с однокурсниками,,Закрыть сессии без задолженностей,,Думал(а) о переводе на другую программу внутри университета; Думал(а) о переводе в другой вуз,,Гибкости в выборе дисциплин,,Играю в командные компьютерные игры; Играю в мобильные игры; Занимаюсь спортом; Участвую в творческих или общественных проектах,,,,,,,,,,,,,Да,3,3.0,"Столько же, сколько в прошлом году",15,Работают или планируют работать,Думали в прошлом году,1.0
68,2026-09-14 14:08:23,169,False,3 курс,Дизайн и архитектура интерьера,БВШД,Бакалавриат,,,,6–10,6–10,пока не знаю,,30–60 минут,,5,Объём и темп нагрузки,,Закрыть сессии без задолженностей,,"Нет, не думал(а)",,Всего хватает,,Занимаюсь спортом,,,,,,,,,,Узнать что-то новое и возможно посетить учебу в Китае,,,Нет,8,8.0,"Столько же, сколько в прошлом году",45,Пока не знают,Не думали,0.0
69,2026-09-14 14:08:30,172,False,3 курс,Дизайн и архитектура интерьера,БВШД,Бакалавриат,,,,21–25,более 25,до 10 часов в неделю,смежная сфера,30–60 минут,,5,Объём и темп нагрузки,,Собрать портфолио,,"Нет, не думал(а)",,Всего хватает,,Участвую в творческих или общественных проектах,,,,,,,,,,КИТАЙ !,,,Нет,23,28.0,"Меньше, чем в прошлом году",45,Работают или планируют работать,Не думали,0.0
80,2026-09-14 14:10:04,254,False,3 курс,Дизайн и архитектура интерьера,БВШД,Бакалавриат,,,,11–15,16–20,не планирую,,60–90 минут,,4,Организация собственного времени; Дорога и режим дня; Публичные защиты и выступления,,Закрыть сессии без задолженностей; Собрать портфолио; Собственный проект,,Думал(а) об академическом отпуске,,Понятных требований к работам,,Играю в одиночные компьютерные игры; Занимаюсь спортом,,,,,,,,,,.,,,Да,13,18.0,"Меньше, чем в прошлом году",75,Не планируют работать,Думали в прошлом году,1.0
82,2026-09-14 14:10:27,283,False,3 курс,Дизайн и архитектура интерьера,БВШД,Бакалавриат,,,,21–25,21–25,пока не знаю,,30–60 минут,,5,"Дорога и режим дня; Работа с источниками, тексты; Публичные защиты и выступления",,"Закрыть сессии без задолженностей; Собрать портфолио; Конкурсы, фестивали, соревнования",,"Нет, не думал(а)",,Практики и проектной работы; Контактов с индустрией; Помощи с трудоустройством,,Участвую в творческих или общественных проектах,,,,,,,,,,,,"архстояние, архмосква",Нет,23,23.0,"Столько же, сколько в прошлом году",45,Пока не знают,Не думали,0.0
174,2026-09-21 18:40:02,211,False,3 курс,Дизайн и архитектура интерьера,БВШД,Бакалавриат,,,,6–10,6–10,пока не знаю,,до 30 минут,,4,Сессия и экзамены; Публичные защиты и выступления; Английский язык,,Собрать портфолио; Стажировка; Подтянуть базовые навыки,,"Нет, не думал(а)",,Практики и проектной работы; Контактов с индустрией; Помощи с трудоустройством,,"Играю, но не в соревновательные игры; Занимаюсь спортом; Участвую в творческих или общественных проектах",,,,,,,,,,,,,Нет,8,8.0,"Столько же, сколько в прошлом году",15,Пока не знают,Не думали,0.0
203,2026-09-21 20:07:49,316,False,3 курс,Дизайн и архитектура интерьера,БВШД,Бакалавриат,,,,1–5,6–10,пока не знаю,,30–60 минут,,4,Организация собственного времени; Объём и темп нагрузки; Дорога и режим дня,,Собрать портфолио; Стажировка; Подтянуть базовые навыки,,"Нет, не думал(а)",,Всего хватает,,"Играю в одиночные компьютерные игры; Играю, но не в соревновательные игры; Участвую в творческих или общественных проектах",,,,,,,,,,,,,Да,3,8.0,"Меньше, чем в прошлом году",45,Пока не знают,Не думали,0.0
209,2026-09-21 21:32:17,245,False,3 курс,Дизайн и архитектура интерьера,БВШД,Бакалавриат,,,,16–20,16–20,пока не знаю,,более 90 минут,,5,Дорога и режим дня,,"Собрать портфолио; Стажировка; Конкурсы, фестивали, соревнования",,"Нет, не думал(а)",,Практики и проектной работы; Контактов с индустрией,,Занимаюсь спортом,,,,,,,,,,"изучить ревит и создать портфолио, продвинуть свои скилы в разных программах",,,Нет,18,18.0,"Столько же, сколько в прошлом году",105,Пока не знают,Не думали,0.0
229,2026-09-22 12:26:19,519,False,3 курс,Дизайн и архитектура интерьера,БВШД,Бакалавриат,,,,11–15,6–10,пока не знаю,,до 30 минут,,3,Организация собственного времени; Совмещение учёбы с работой; Публичные защиты и выступления,,Закрыть сессии без задолженностей; Собрать портфолио; Работа по специальности,,Думал(а) о переводе на другую программу внутри университета; Думал(а) об академическом отпуске,,Другое (свой вариант),Больше английского языка и самих занятий по английскому,Играю в одиночные компьютерные игры; Играю в мобильные игры; Играю в шахматы или другие интеллектуальные игры; Занимаюсь спортом,,,,,,,,,,,"неуспеваемость, выгорание",,Предпочли не отвечать,13,8.0,"Больше, чем в прошлом году",15,Пока не знают,Думали в прошлом году,1.0
66,2026-09-14 14:07:44,126,False,3 курс,Дизайн одежды и текстиля,БВШД,Бакалавриат,,,,6–10,16–20,21–30 часов в неделю,"да, по специальности",60–90 минут,,5,Совмещение учёбы с работой; Общение с однокурсниками,,Закрыть сессии без задолженностей; Работа по специальности,,Думал(а) об отчислении из университета,,Контактов с индустрией; Помощи с трудоустройством; Гибкости в выборе дисциплин,,Играю в шахматы или другие интеллектуальные игры; Занимаюсь спортом; Участвую в творческих или общественных проектах,,,,,,,,,,,,,Нет,8,18.0,"Меньше, чем в прошлом году",75,Работают или планируют работать,Думали в прошлом году,1.0
74,2026-09-14 14:09:18,220,False,3 курс,Дизайн одежды и текстиля,БВШД,Бакалавриат,,,,более 25,более 25,не планирую,,более 90 минут,,4,Организация собственного времени; Объём и темп нагрузки; Дорога и режим дня,,Собрать портфолио,,"Нет, не думал(а)",,Доступа к оборудованию и студиям,,Не играю и ничем из перечисленного не занимаюсь,,,,,,,,,,грандиозные,,.,Нет,28,28.0,"Столько же, сколько в прошлом году",105,Не планируют работать,Не думали,0.0
76,2026-09-14 14:09:23,215,False,3 курс,Дизайн одежды и текстиля,БВШД,Бакалавриат,,,,6–10,11–15,11–20 часов в неделю,"нет, ради заработка",30–60 минут,,4,Совмещение учёбы с работой,,Собрать портфолио; Стажировка; Работа по специальности,,Думал(а) о переводе в другой вуз,,Доступа к оборудованию и студиям; Помощи с трудоустройством,,Занимаюсь спортом; Участвую в творческих или общественных проектах,,,,,,,,,,Получить еще больше монетезируемых навыков. Стать более профессиональным специалистом,"Думаю что программы не совпадут, не хочу повторять год",Показы,Нет,8,13.0,"Меньше, чем в прошлом году",45,Работают или планируют работать,Думали в прошлом году,1.0
79,2026-09-14 14:09:54,253,False,3 курс,Дизайн одежды и текстиля,БВШД,Бакалавриат,,,,более 25,более 25,не планирую,,до 30 минут,,5,Объём и темп нагрузки; Сессия и экзамены; Другое (свой вариант),почти все пункты хотела выбрать,Закрыть сессии без задолженностей; Собрать портфолио; Собственный проект,,Думал(а) об отчислении из университета; Предпочитаю не отвечать,,Доступа к оборудованию и студиям; Практики и проектной работы; Контактов с индустрией,,Занимаюсь спортом; Участвую в творческих или общественных проектах,,,,,,,,,,дай Бог все хорошо будет,,,Нет,28,28.0,"Столько же, сколько в прошлом году",15,Не планируют работать,Думали в прошлом году,1.0
81,2026-09-14 14:10:13,270,False,3 курс,Дизайн одежды и текстиля,БВШД,Бакалавриат,,,,более 25,более 25,11–20 часов в неделю,смежная сфера,30–60 минут,,5,Организация собственного времени; Объём и темп нагрузки; Общение с однокурсниками,,Закрыть сессии без задолженностей; Собрать портфолио,,"Уже перевел(-ась) из другого вуза или внутри университета; Нет, не думал(а)",,Практики и проектной работы; Контактов с индустрией; Помощи с трудоустройством,,Занимаюсь спортом,,,,,,,,,,,,,Да,28,28.0,"Столько же, сколько в прошлом году",45,Работают или планируют работать,Уже перевелись,0.0
85,2026-09-14 14:11:01,310,False,3 курс,Дизайн одежды и текстиля,БВШД,Бакалавриат,,,,более 25,более 25,пока не знаю,,30–60 минут,Нет,4,Организация собственного времени; Объём и темп нагрузки; Сессия и экзамены,,Закрыть сессии без задолженностей; Собрать портфолио; Собственный проект,,Думал(а) о переводе в другой вуз; Думал(а) об отчислении из университета,,Индивидуальных консультаций; Контактов с индустрией; Регулярной обратной связи по работам,,Играю в одиночные компьютерные игры,,,,Mortal Kombat 1,,Clash Royale,,Не играю в игры этой категории,,,,,Нет,28,28.0,"Столько же, сколько в прошлом году",45,Пока не знают,Думали в прошлом году,1.0
93,2026-09-14 14:22:16,995,False,3 курс,Дизайн одежды и текстиля,БВШД,Бакалавриат,,,,6–10,более 25,пока не знаю,,60–90 минут,"Да, участвовать",5,Организация собственного времени; Публичные защиты и выступления; Общение с однокурсниками,,"Закрыть сессии без задолженностей; Стажировка; Конкурсы, фестивали, соревнования",,"Нет, не думал(а)",,Индивидуальных консультаций; Контактов с индустрией; Помощи с трудоустройством,,Играю в одиночные компьютерные игры,,,,,Stardew valley,Brawl Stars,,Не играю в игры этой категории,,"Хочется, чтобы она прошла сбалансированно с другими сферами жизни и приблизила к профессиональному уровню работы в своей сфере. Также хочется, чтобы общение с преподавателями и однокурсниками было гармоничным и полезным",,Фешн шоу/хакатоны итп,Да,8,28.0,"Меньше, чем в прошлом году",75,Пока не знают,Не думали,0.0
180,2026-09-21 18:42:35,371,False,3 курс,Дизайн одежды и текстиля,БВШД,Бакалавриат,,,,6–10,16–20,11–20 часов в неделю,"нет, ради заработка",30–60 минут,,4,Объём и темп нагрузки; Дорога и режим дня; Общение с однокурсниками,,Закрыть сессии без задолженностей,,Думал(а) об отчислении из университета,,Индивидуальных консультаций; Доступа к оборудованию и студиям,,"Играю в одиночные компьютерные игры; Играю в мобильные игры; Играю в шахматы или другие интеллектуальные игры; Играю, но не в соревновательные игры; Занимаюсь спортом",,,,,,,,,,,,"Что-то связанное с физическим здоровьем тела, например занятия йогой или спортом. Для того, чтобы можно было собраться с одногруппниками или другими учащимися и позаниматься в стенах университета.",Нет,8,18.0,"Меньше, чем в прошлом году",45,Работают или планируют работать,Думали в прошлом году,1.0
187,2026-09-21 18:52:23,864,False,3 курс,Дизайн одежды и текстиля,БВШД,Бакалавриат,,,,более 25,более 25,пока не знаю,,60–90 минут,,5,Организация собственного времени; Объём и темп нагрузки; Дорога и режим дня,,Стажировка; Работа по специальности; Собственный проект,,Предпочитаю не отвечать,,Помощи с трудоустройством; Другое (свой вариант),"Поддержание эмоциональной устойчивости студентов и отдача на 200% от самого вуза, то есть вкладываться в студентов на столько же, сколько они вкладываются в учебу, ну то есть на все 200% и даже больше",Не играю и ничем из перечисленного не занимаюсь,,,,,,,,,,Без сильных эмоциональных выгораний и нервных срывов 🤞🏻,,,Да,28,28.0,"Столько же, сколько в прошлом году",75,Пока не знают,Предпочли не отвечать,
75,2026-09-14 14:09:19,222,False,3 курс,Иллюстрация,БВШД,Бакалавриат,,,,21–25,более 25,пока не знаю,,60–90 минут,,4,Объём и темп нагрузки; Дорога и режим дня; Общение с однокурсниками,,"Закрыть сессии без задолженностей; Собрать портфолио; Найти круг общения, влиться в среду",,"Нет, не думал(а)",,Контактов с индустрией; Понятных требований к работам; Помощи с трудоустройством,,Играю в командные компьютерные игры; Играю в одиночные компьютерные игры; Участвую в творческих или общественных проектах,,,,,,,,,,Насыщенная программа и полная загрузка,,"Театральные кружки, организация праздников и мероприятий/концертов",Нет,23,28.0,"Меньше, чем в прошлом году",75,Пока не знают,Не думали,0.0
77,2026-09-14 14:09:32,216,False,3 курс,Иллюстрация,БВШД,Бакалавриат,,,,11–15,16–20,11–20 часов в неделю,"нет, ради заработка",60–90 минут,,4,"Совмещение учёбы с работой; Работа с источниками, тексты",,Собрать портфолио; Стажировка; Подтянуть базовые навыки,,"Нет, не думал(а)",,Помощи с трудоустройством; Другое (свой вариант),фундаментальных знаний истории искусств,"Играю, но не в соревновательные игры; Участвую в творческих или общественных проектах",,,,,,,,,,,,,Да,13,18.0,"Меньше, чем в прошлом году",75,Работают или планируют работать,Не думали,0.0
83,2026-09-14 14:10:40,294,False,3 курс,Иллюстрация,БВШД,Бакалавриат,,,,6–10,16–20,пока не знаю,,более 90 минут,Нет,3,Объём и темп нагрузки; Дорога и режим дня; Публичные защиты и выступления,,Собрать портфолио; Работа по специальности; Подтянуть базовые навыки,,"Нет, не думал(а)",,Контактов с индустрией; Понятных требований к работам; Помощи с трудоустройством,,Играю в одиночные компьютерные игры,,,,,Genshin impact,Не играю в игры этой категории,,Не играю в игры этой категории,,Надеюсь что организационные моменты улучшились и будет меньше неприятных сюрпризов. Так же что нагрузка более грамотно распределена,,,Да,8,18.0,"Меньше, чем в прошлом году",105,Пока не знают,Не думали,0.0
88,2026-09-14 14:11:53,373,False,3 курс,Иллюстрация,БВШД,Бакалавриат,,,,6–10,11–15,до 10 часов в неделю,смежная сфера,30–60 минут,,4,"Объём и темп нагрузки; Работа с источниками, тексты; Публичные защиты и выступления",,"Закрыть сессии без задолженностей; Стажировка; Конкурсы, фестивали, соревнования",,"Нет, не думал(а)",,Индивидуальных консультаций; Понятных требований к работам; Помощи с трудоустройством,,"Играю в мобильные игры; Играю, но не в соревновательные игры; Участвую в творческих или общественных проектах",,,,,,,,,,,,,Нет,8,13.0,"Меньше, чем в прошлом году",45,Работают или планируют работать,Не думали,0.0
105,2026-09-14 15:15:50,4214,True,3 курс,Иллюстрация,БВШД,Бакалавриат,,,,11–15,21–25,не планирую,,30–60 минут,,4,Усвоение учебного материала; Объём и темп нагрузки,,Закрыть сессии без задолженностей; Подтянуть базовые навыки; Другое (свой вариант),"не выгореть, найти интересующее направление внутри иллюстрации","Нет, не думал(а)",,Понятных требований к работам; Другое (свой вариант),времени на формулирование идеи и создание итераций финальной работы,Играю в одиночные компьютерные игры; Играю в шахматы или другие интеллектуальные игры; Занимаюсь спортом,,,,,,,,,,"Попробовать как можно больше материалов, направлений и форматов с большим упором на эксперименты, развитие навыка и понимания, чем на результат. В прошлом году было очень сложно пробовать что-то новое. Также в этом году хотелось бы больше времени на создание идеи в начале проекта, или научиться это делать быстрее",,"при условии что нагрузка в университете позволит, то какие-нибудь специфичные воркшопы в мастерских и рисунки с натуры",Предпочли не отвечать,13,23.0,"Меньше, чем в прошлом году",45,Не планируют работать,Не думали,0.0
107,2026-09-14 15:21:32,4529,True,3 курс,Иллюстрация,БВШД,Бакалавриат,,,,11–15,11–15,11–20 часов в неделю,"да, по специальности",30–60 минут,,4,Организация собственного времени; Объём и темп нагрузки; Дорога и режим дня,,Закрыть сессии без задолженностей; Собрать портфолио; Стажировка,,"Нет, не думал(а)",,Всего хватает,,Играю в мобильные игры; Играю в шахматы или другие интеллектуальные игры; Занимаюсь спортом; Участвую в творческих или общественных проектах,,,,,,,,,,"Качественная коммуникация с преподавателями и администрацией, продолжать экспериментировать в учёбе, но успевать по дедлайнам",,Хеллоуин,Предпочли не отвечать,13,13.0,"Столько же, сколько в прошлом году",45,Работают или планируют работать,Не думали,0.0
182,2026-09-21 18:45:28,215,False,3 курс,Иллюстрация,БВШД,Бакалавриат,,,,6–10,6–10,не планирую,,30–60 минут,,2,Объём и темп нагрузки; Дорога и режим дня; Общение с однокурсниками,,Закрыть сессии без задолженностей; Собрать портфолио; Работа по специальности,,Предпочитаю не отвечать,,Индивидуальных консультаций; Понятных требований к работам,,Занимаюсь спортом,,,,,,,,,,,,,Да,8,8.0,"Столько же, сколько в прошлом году",45,Не планируют работать,Предпочли не отвечать,
198,2026-09-21 19:41:36,144,False,3 курс,Иллюстрация,БВШД,Бакалавриат,,,,11–15,11–15,11–20 часов в неделю,смежная сфера,60–90 минут,,4,Совмещение учёбы с работой; Дорога и режим дня; Доступ к оборудованию и профильному ПО,,"Собрать портфолио; Работа по специальности; Конкурсы, фестивали, соревнования",,"Нет, не думал(а)",,Контактов с индустрией; Помощи с трудоустройством,,Участвую в творческих или общественных проектах,,,,,,,,,,,,,Предпочли не отвечать,13,13.0,"Столько же, сколько в прошлом году",75,Работают или планируют работать,Не думали,0.0
94,2026-09-14 14:57:42,193,False,3 курс,Кинопроизводство,МШК,Бакалавриат,,,,6–10,16–20,21–30 часов в неделю,смежная сфера,30–60 минут,,4,"Дорога и режим дня; Обратиться за помощью, когда что-то непонятно",,Собрать портфолио; Работа по специальности,,Думал(а) об отчислении из университета,,Доступа к оборудованию и студиям; Контактов с индустрией; Понятных требований к работам,,Занимаюсь спортом; Участвую в творческих или общественных проектах,,,,,,,,,,,,,Нет,8,18.0,"Меньше, чем в прошлом году",45,Работают или планируют работать,Думали в прошлом году,1.0
100,2026-09-14 15:08:25,165,False,3 курс,Кинопроизводство,МШК,Бакалавриат,,,,6–10,1–5,11–20 часов в неделю,смежная сфера,60–90 минут,,4,"Организация собственного времени; Совмещение учёбы с работой; Обратиться за помощью, когда что-то непонятно",,Собрать портфолио; Собственный проект; Подтянуть базовые навыки,,"Нет, не думал(а)",,Индивидуальных консультаций; Контактов с индустрией; Регулярной обратной связи по работам,,Играю в одиночные компьютерные игры; Участвую в творческих или общественных проектах,,,,,,,,,,,,,Да,8,3.0,"Больше, чем в прошлом году",75,Работают или планируют работать,Не думали,0.0
108,2026-09-14 15:28:16,254,False,3 курс,Кинопроизводство,МШК,Бакалавриат,,,,6–10,6–10,11–20 часов в неделю,"да, по специальности",30–60 минут,,4,Организация собственного времени; Сессия и экзамены,,Собрать портфолио; Курсовая работа или ВКР; Работа по специальности,,"Нет, не думал(а)",,Контактов с индустрией; Понятных требований к работам; Помощи с трудоустройством,,Играю в одиночные компьютерные игры; Участвую в творческих или общественных проектах,,,,,,,,,,,,,Нет,8,8.0,"Столько же, сколько в прошлом году",45,Работают или планируют работать,Не думали,0.0
124,2026-09-14 15:32:40,292,False,3 курс,Кинопроизводство,МШК,Бакалавриат,,,,1–5,11–15,11–20 часов в неделю,смежная сфера,60–90 минут,,3,Объём и темп нагрузки; Совмещение учёбы с работой; Общение с однокурсниками,,"Работа по специальности; Конкурсы, фестивали, соревнования; Подтянуть базовые навыки",,Уже перевел(-ась) из другого вуза или внутри университета,,Индивидуальных консультаций; Контактов с индустрией; Помощи с трудоустройством,,"Играю в шахматы или другие интеллектуальные игры; Играю, но не в соревновательные игры; Занимаюсь спортом; Участвую в творческих или общественных проектах",,,,,,,,,,"хочется чтобы пары были максимально полезными и учебные работы были максимально интересными, даже если для этого надо, чтобы их было мало",,,Нет,3,13.0,"Меньше, чем в прошлом году",75,Работают или планируют работать,Уже перевелись,0.0
144,2026-09-14 17:26:48,9361,True,3 курс,Кинопроизводство,МШК,Бакалавриат,,,,11–15,6–10,пока не знаю,,30–60 минут,,3,Организация собственного времени; Объём и темп нагрузки; Совмещение учёбы с работой,,Собрать портфолио; Курсовая работа или ВКР; Работа по специальности,,Думал(а) о переводе в другой вуз,,Практики и проектной работы,,Участвую в творческих или общественных проектах,,,,,,,,,,,"Переживала, что не смогу в полной мере освоить оба трека, в связи с чем возникали мысли о переводе в другой вуз на какую-нибудь конкретную отрасль кинопроизводства",,Нет,13,8.0,"Больше, чем в прошлом году",45,Пока не знают,Думали в прошлом году,1.0
172,2026-09-20 13:20:42,137,False,3 курс,Кинопроизводство,МШК,Бакалавриат,,,,1–5,1–5,11–20 часов в неделю,смежная сфера,60–90 минут,,4,Сессия и экзамены,,Собрать портфолио; Работа по специальности; Собственный проект,,Думал(а) об отчислении из университета,,Контактов с индустрией; Понятных требований к работам,,Играю в одиночные компьютерные игры; Занимаюсь спортом; Участвую в творческих или общественных проектах,,,,,,,,,,,,,Нет,3,3.0,"Столько же, сколько в прошлом году",75,Работают или планируют работать,Думали в прошлом году,1.0
240,2026-09-22 20:34:27,136,False,3 курс,Кинопроизводство,МШК,Бакалавриат,,,,6–10,6–10,11–20 часов в неделю,смежная сфера,60–90 минут,,4,"Совмещение учёбы с работой; Доступ к оборудованию и профильному ПО; Обратиться за помощью, когда что-то непонятно",,Собрать портфолио; Работа по специальности; Собственный проект,,"Нет, не думал(а)",,Индивидуальных консультаций; Контактов с индустрией; Помощи с трудоустройством,,Играю в одиночные компьютерные игры; Играю в шахматы или другие интеллектуальные игры; Участвую в творческих или общественных проектах,,,,,,,,,,,,,Да,8,8.0,"Столько же, сколько в прошлом году",75,Работают или планируют работать,Не думали,0.0
244,2026-09-22 20:36:36,183,False,3 курс,Кинопроизводство,МШК,Бакалавриат,,,,1–5,1–5,до 10 часов в неделю,"да, по специальности",60–90 минут,,5,Дорога и режим дня; Сессия и экзамены; Другое (свой вариант),Пережить перемены в администрации,Закрыть сессии без задолженностей; Собрать портфолио; Курсовая работа или ВКР,,Думал(а) об академическом отпуске,,Индивидуальных консультаций; Контактов с индустрией; Помощи с трудоустройством,,Играю в одиночные компьютерные игры; Играю в мобильные игры; Участвую в творческих или общественных проектах,,,,,,,,,,"Чтоб все нормально было по братски с админкой, я полтора часа еду, трачу бензин, а они рандомно отменяют пары. Об этой проблеме речь с прошлого года, но ниче не меняется. Решите да этот момент, молю",Возможная цензура наших работ,,Нет,3,3.0,"Столько же, сколько в прошлом году",75,Работают или планируют работать,Думали в прошлом году,1.0
245,2026-09-22 20:36:53,179,False,3 курс,Кинопроизводство,МШК,Бакалавриат,,,,16–20,1–5,11–20 часов в неделю,смежная сфера,до 30 минут,,3,Доступ к оборудованию и профильному ПО,,"Собрать портфолио; Конкурсы, фестивали, соревнования; Собственный проект",,Думал(а) об академическом отпуске,,Практики и проектной работы; Контактов с индустрией; Помощи с трудоустройством,,Не играю и ничем из перечисленного не занимаюсь,,,,,,,,,,,,,Нет,18,3.0,"Больше, чем в прошлом году",15,Работают или планируют работать,Думали в прошлом году,1.0
249,2026-09-22 20:39:20,226,False,3 курс,Кинопроизводство,МШК,Бакалавриат,,,,6–10,1–5,21–30 часов в неделю,"да, по специальности",30–60 минут,,4,Организация собственного времени; Совмещение учёбы с работой; Дорога и режим дня,,Закрыть сессии без задолженностей; Собрать портфолио; Работа по специальности,,"Нет, не думал(а)",,Практики и проектной работы; Контактов с индустрией; Помощи с трудоустройством,,Занимаюсь спортом; Участвую в творческих или общественных проектах,,,,,,,,,,,,,Нет,8,3.0,"Больше, чем в прошлом году",45,Работают или планируют работать,Не думали,0.0
250,2026-09-22 20:41:48,330,False,3 курс,Кинопроизводство,МШК,Бакалавриат,,,,6–10,6–10,уже работаю полный день,"да, по специальности",60–90 минут,,5,Другое (свой вариант),Рассчитывать время если пары будут отменяться,Закрыть сессии без задолженностей; Работа по специальности,,"Нет, не думал(а)",,Индивидуальных консультаций; Регулярной обратной связи по работам; Помощи с трудоустройством,,Занимаюсь спортом,,,,,,,,,,"Что бы пары не отменялись🙏🏻 или предупреждали за 12, а в идеале 24 часа до",,,Нет,8,8.0,"Столько же, сколько в прошлом году",75,Работают или планируют работать,Не думали,0.0
264,2026-09-22 21:40:18,333,False,3 курс,Кинопроизводство,МШК,Бакалавриат,,,,1–5,1–5,11–20 часов в неделю,"да, по специальности",более 90 минут,,4,Объём и темп нагрузки; Дорога и режим дня; Сессия и экзамены,,"Собрать портфолио; Курсовая работа или ВКР; Найти круг общения, влиться в среду",,Думал(а) об отчислении из университета; Думал(а) об академическом отпуске,,Индивидуальных консультаций; Контактов с индустрией; Помощи с трудоустройством,,Участвую в творческих или общественных проектах,,,,,,,,,,Получить профессиональные навыки и теорию,"Не справлялась с нагрузкой, проблемы со здоровьем","Стендап, скетч-клуб, клуб для сценаристов",Да,3,3.0,"Столько же, сколько в прошлом году",105,Работают или планируют работать,Думали в прошлом году,1.0
266,2026-09-22 21:52:32,159,False,3 курс,Кинопроизводство,МШК,Бакалавриат,,,,6–10,6–10,11–20 часов в неделю,смежная сфера,30–60 минут,Нет,4,Организация собственного времени; Объём и темп нагрузки; Сессия и экзамены,,Собрать портфолио; Курсовая работа или ВКР; Работа по специальности,,"Нет, не думал(а)",,Контактов с индустрией; Понятных требований к работам; Помощи с трудоустройством,,Играю в одиночные компьютерные игры; Играю в мобильные игры,,,,,,Mobile Legends: Bang Bang; Clash Royale,,шахматы,,,,,Нет,8,8.0,"Столько же, сколько в прошлом году",45,Работают или планируют работать,Не думали,0.0
305,2026-09-24 12:50:02,442,False,3 курс,Кинопроизводство,МШК,Бакалавриат,,,,более 25,более 25,более 30 часов в неделю,"да, по специальности",60–90 минут,,5,Дорога и режим дня; Публичные защиты и выступления; Общение с однокурсниками,,Работа по специальности; Собственный проект,,Думал(а) о переводе в другой вуз; Думал(а) об отчислении из университета,,Индивидуальных консультаций; Контактов с индустрией; Помощи с трудоустройством,,Не играю и ничем из перечисленного не занимаюсь,,,,,,,,,,,"Отвратительный уровень организации, в прошлом году - недостаточный уровень некоторых преподавателей, мое самоощущение среди одногруппников, а также количество необоснованной и лишней нагрузки на непрофильных предметах",,Нет,28,28.0,"Столько же, сколько в прошлом году",75,Работают или планируют работать,Думали в прошлом году,1.0
311,2026-09-25 13:35:30,928,False,3 курс,Кинопроизводство,МШК,Бакалавриат,,,,1–5,11–15,11–20 часов в неделю,смежная сфера,60–90 минут,,4,Совмещение учёбы с работой; Дорога и режим дня; Другое (свой вариант),"Изменения в расписании в день занятия, внезапные отмены и переносы, не отвечает координатор",Собрать портфолио; Стажировка; Работа по специальности,,Предпочитаю не отвечать,,Индивидуальных консультаций; Контактов с индустрией; Помощи с трудоустройством,,Не играю и ничем из перечисленного не занимаюсь,,,,,,,,,,"Сильные теоретические знания, подготовка портфолио для актуальных коммерческих проектов, практика на коммерческих проектах, критика учебных работ профессионалами из индустрии, экскурсия на студии",,,Предпочли не отвечать,3,13.0,"Меньше, чем в прошлом году",75,Работают или планируют работать,Предпочли не отвечать,
95,2026-09-14 15:04:56,180,False,3 курс,Компьютерная музыка и аранжировка,МШМ,Бакалавриат,,,,11–15,6–10,до 10 часов в неделю,"да, по специальности",30–60 минут,,5,Совмещение учёбы с работой; Сессия и экзамены; Публичные защиты и выступления,,Собрать портфолио; Стажировка; Работа по специальности,,"Нет, не думал(а)",,Практики и проектной работы; Контактов с индустрией; Помощи с трудоустройством,,Играю в одиночные компьютерные игры; Занимаюсь спортом; Участвую в творческих или общественных проектах,,,,,,,,,,"Закрепить что знаю и узнать новое. Приобрести больше практических навыков и связей, коммуникации между студентами разных курсов, которые в будущем могут быть плодотворными",,"Концерты, съемки, фесты, конкурсы",Предпочли не отвечать,13,8.0,"Больше, чем в прошлом году",45,Работают или планируют работать,Не думали,0.0
97,2026-09-14 15:05:29,220,False,3 курс,Компьютерная музыка и аранжировка,МШМ,Бакалавриат,,,,6–10,6–10,пока не знаю,,60–90 минут,,4,Организация собственного времени; Дорога и режим дня; Сессия и экзамены,,"Собрать портфолио; Курсовая работа или ВКР; Конкурсы, фестивали, соревнования",,"Нет, не думал(а)",,Индивидуальных консультаций; Регулярной обратной связи по работам,,Занимаюсь спортом; Участвую в творческих или общественных проектах,,,,,,,,,,"Надеюсь, что смогу вовремя выполнять все работы.",,Вообще во всех,Нет,8,8.0,"Столько же, сколько в прошлом году",75,Пока не знают,Не думали,0.0
98,2026-09-14 15:06:12,252,False,3 курс,Компьютерная музыка и аранжировка,МШМ,Бакалавриат,,,,16–20,6–10,уже работаю полный день,смежная сфера,30–60 минут,,3,Организация собственного времени; Совмещение учёбы с работой; Дорога и режим дня,,Курсовая работа или ВКР; Работа по специальности; Собственный проект,,Думал(а) об отчислении из университета,,Контактов с индустрией; Регулярной обратной связи по работам; Помощи с трудоустройством,,Играю в одиночные компьютерные игры; Играю в мобильные игры; Участвую в творческих или общественных проектах,,,,,,,,,,Хочется просто выжить,"Перегруз, много работы и учёбы в одно время",ДнД клуб (можем вознлавить),Предпочли не отвечать,18,8.0,"Больше, чем в прошлом году",45,Работают или планируют работать,Думали в прошлом году,1.0
99,2026-09-14 15:08:24,392,False,3 курс,Компьютерная музыка и аранжировка,МШМ,Бакалавриат,,,,11–15,6–10,21–30 часов в неделю,"нет, ради заработка",30–60 минут,,5,Организация собственного времени; Совмещение учёбы с работой,,"Закрыть сессии без задолженностей; Стажировка; Найти круг общения, влиться в среду",,"Нет, не думал(а)",,Доступа к оборудованию и студиям; Контактов с индустрией; Помощи с трудоустройством,,Играю в командные компьютерные игры; Играю в шахматы или другие интеллектуальные игры; Участвую в творческих или общественных проектах,,,,,,,,,,Ожидания получить еще больше музыкального опыта и поглубже внедриться в индустрию.,,"Диджеинг, техник звука, звукооператор мероприятий, звукорежиссёр музыкального оформления мероприятий.",Другое (свободный ответ),13,8.0,"Больше, чем в прошлом году",45,Работают или планируют работать,Не думали,0.0
101,2026-09-14 15:08:40,412,False,3 курс,Компьютерная музыка и аранжировка,МШМ,Бакалавриат,,,,6–10,6–10,11–20 часов в неделю,"да, по специальности",60–90 минут,,4,Организация собственного времени; Объём и темп нагрузки; Совмещение учёбы с работой,,Собрать портфолио; Работа по специальности; Подтянуть базовые навыки,,"Нет, не думал(а)",,Индивидуальных консультаций; Контактов с индустрией; Гибкости в выборе дисциплин,,Играю в одиночные компьютерные игры; Играю в мобильные игры; Занимаюсь спортом; Участвую в творческих или общественных проектах,,,,,,,,,,Не строю прогнозы,,"Меня интересуют технические мероприятия (я звукорежиссер): большие записи, например Также хочу коллаборации (я пишу музыку) со студентами с других направлений: музыка для игр, фильмов, показов",Нет,8,8.0,"Столько же, сколько в прошлом году",75,Работают или планируют работать,Не думали,0.0
104,2026-09-14 15:09:13,335,False,3 курс,Компьютерная музыка и аранжировка,МШМ,Бакалавриат,,,,16–20,16–20,до 10 часов в неделю,смежная сфера,до 30 минут,,5,Организация собственного времени; Совмещение учёбы с работой; Сессия и экзамены,,"Собрать портфолио; Стажировка; Конкурсы, фестивали, соревнования",,"Нет, не думал(а)",,Контактов с индустрией; Помощи с трудоустройством,,Играю в командные компьютерные игры; Играю в одиночные компьютерные игры; Играю в мобильные игры; Играю в шахматы или другие интеллектуальные игры; Участвую в творческих или общественных проектах,,,,,,,,,,"Больше профильных предметов, много веселья радости и интересного",,Degree Show,Да,18,18.0,"Столько же, сколько в прошлом году",15,Работают или планируют работать,Не думали,0.0
232,2026-09-22 15:01:39,208,False,3 курс,Компьютерная музыка и аранжировка,МШМ,Бакалавриат,,,,6–10,1–5,до 10 часов в неделю,"да, по специальности",60–90 минут,,4,Совмещение учёбы с работой; Дорога и режим дня; Сессия и экзамены,,Закрыть сессии без задолженностей; Собрать портфолио; Курсовая работа или ВКР,,Думал(а) о переводе в другой вуз; Думал(а) об отчислении из университета,,Индивидуальных консультаций; Практики и проектной работы; Контактов с индустрией,,Занимаюсь спортом,,,,,,,,,,самые лучшие!!! но хочется больше теории!!,"некоторые педагоги к сожалению работают не по профилю! хочется чтоб в высшем учебном МУЗЫКАЛЬНОМ заведении педагоги учили чему-то большему, чем читать ноты с листа.... это смешно",,Да,8,3.0,"Больше, чем в прошлом году",75,Работают или планируют работать,Думали в прошлом году,1.0
235,2026-09-22 18:19:17,2145,False,3 курс,Компьютерная музыка и аранжировка,МШМ,Бакалавриат,,,,11–15,11–15,11–20 часов в неделю,смежная сфера,более 90 минут,Нет,4,Организация собственного времени; Объём и темп нагрузки; Дорога и режим дня,,Собрать портфолио; Курсовая работа или ВКР; Стажировка,,"Нет, не думал(а)",,Доступа к оборудованию и студиям; Практики и проектной работы; Помощи с трудоустройством,,Играю в командные компьютерные игры; Играю в одиночные компьютерные игры,,,,,The binding of Isaac,Не играю в игры этой категории,,Не играю в игры этой категории,,"Я надеюсь, что университет сбалансирует учебную нагрузку в течение этого года. На мой взгляд будет гораздо удобнее добавить материала в первый семестр, чтобы разгрузить второй для более свободной работы над курсовым проектом. Хотелось бы иметь в этом году более ранний доступ к студии звукозаписи для практики пройденной теории, а так же больше академических часов на практику. Я очень рассчитываю на пересмотр университетом отношения к защите курсовых проектов студентов. В этом году я жду, что студенты смогут защищаться в равно качественных условиях и услышат конструктивный фидбэк от всех приглашенных экспертов.",,"Я с радостью готов посетить экскурсию или лекцию на тему студийной/концертной звукорежиссуры, организованную преподавателем во внеучебное время. При наличии возможности я готов поучаствовать в концертном ивенте университета в качестве техника/звукорежиссера/диджея. Я с энтузиазмом отношусь к коллаборациям между студентами в рамках мероприятий университета. Уже второй год выступаю в роли саунд-продюсера для fashion show британки и пишу саундтреки к коллекциям дизайнеров. Если нагрузка будет позволять, с удовольствием приму участие в подобного рода активности.",Нет,13,13.0,"Столько же, сколько в прошлом году",105,Работают или планируют работать,Не думали,0.0
71,2026-09-14 14:08:54,185,False,3 курс,Промышленный дизайн,БВШД,Бакалавриат,,,,6–10,6–10,не планирую,,60–90 минут,,3,Объём и темп нагрузки; Дорога и режим дня; Публичные защиты и выступления,,"Закрыть сессии без задолженностей; Собственный проект; Найти круг общения, влиться в среду",,"Нет, не думал(а)",,Практики и проектной работы; Понятных требований к работам,,Не играю и ничем из перечисленного не занимаюсь,,,,,,,,,,,,,Да,8,8.0,"Столько же, сколько в прошлом году",75,Не планируют работать,Не думали,0.0
84,2026-09-14 14:10:52,316,False,3 курс,Промышленный дизайн,БВШД,Бакалавриат,,,,6–10,11–15,пока не знаю,,30–60 минут,"Да, приходить как зритель",4,Усвоение учебного материала,,Закрыть сессии без задолженностей; Собрать портфолио; Собственный проект,,"Нет, не думал(а)",,Регулярной обратной связи по работам; Понятных требований к работам; Помощи с трудоустройством,,Играю в командные компьютерные игры; Играю в одиночные компьютерные игры; Играю в шахматы или другие интеллектуальные игры,,,,,,,,,Судоку,предвкушаю все технические сложные дисциплины:),,,Нет,8,13.0,"Меньше, чем в прошлом году",45,Пока не знают,Не думали,0.0
90,2026-09-14 14:13:41,479,False,3 курс,Промышленный дизайн,БВШД,Бакалавриат,,,,16–20,21–25,пока не знаю,,30–60 минут,,4,Объём и темп нагрузки; Совмещение учёбы с работой; Сессия и экзамены,,Собрать портфолио; Стажировка; Работа по специальности,,"Нет, не думал(а)",,Практики и проектной работы; Контактов с индустрией; Помощи с трудоустройством,,Занимаюсь спортом; Участвую в творческих или общественных проектах,,,,,,,,,,"Полезная практика летом с официальным договором, очень хочется достойное резюме. Больше уроков по 3д моделированию. Публикации в международных журналах со статьями",,"Хакатоны, фестивали, выставки",Нет,18,23.0,"Меньше, чем в прошлом году",45,Пока не знают,Не думали,0.0
196,2026-09-21 19:26:44,547994,True,3 курс,Промышленный дизайн,БВШД,Бакалавриат,,,,16–20,11–15,не планирую,,60–90 минут,,4,Объём и темп нагрузки; Дорога и режим дня; Публичные защиты и выступления,,"Закрыть сессии без задолженностей; Подтянуть базовые навыки; Найти круг общения, влиться в среду",,Думал(а) об академическом отпуске,,Практики и проектной работы; Понятных требований к работам,,Не играю и ничем из перечисленного не занимаюсь,,,,,,,,,,,,,Да,18,13.0,"Больше, чем в прошлом году",75,Не планируют работать,Думали в прошлом году,1.0
65,2026-09-14 14:07:26,108,False,3 курс,Современное искусство,БВШД,Бакалавриат,,,,6–10,6–10,пока не знаю,,30–60 минут,,4,Организация собственного времени; Объём и темп нагрузки,,Закрыть сессии без задолженностей,,Думал(а) о переводе на другую программу внутри университета,,Понятных требований к работам; Помощи с трудоустройством; Гибкости в выборе дисциплин,,Играю в командные компьютерные игры; Играю в одиночные компьютерные игры; Играю в мобильные игры; Занимаюсь спортом,,,,,,,,,,,Расширился круг интересов,,Нет,8,8.0,"Столько же, сколько в прошлом году",45,Пока не знают,Думали в прошлом году,1.0
72,2026-09-14 14:09:06,208,False,3 курс,Современное искусство,БВШД,Бакалавриат,,,,1–5,0,не планирую,,более 90 минут,,4,Организация собственного времени; Общение с однокурсниками; Другое (свой вариант),Все тяжко но одногруппники это ппц.,"Конкурсы, фестивали, соревнования; Собственный проект; Найти круг общения, влиться в среду",,Предпочитаю не отвечать,,Помощи с трудоустройством,,Играю в мобильные игры; Участвую в творческих или общественных проектах,,,,,,,,,,Хорошие ожидания но немного волнительно ведь группа у нас состоит из злых людей,,,Да,3,0.0,"Больше, чем в прошлом году",105,Не планируют работать,Предпочли не отвечать,
78,2026-09-14 14:09:34,238,False,3 курс,Современное искусство,БВШД,Бакалавриат,,,,6–10,21–25,до 10 часов в неделю,смежная сфера,30–60 минут,,5,Объём и темп нагрузки; Публичные защиты и выступления,,Стажировка; Собственный проект,,"Нет, не думал(а)",,Контактов с индустрией; Помощи с трудоустройством,,Занимаюсь спортом; Участвую в творческих или общественных проектах,,,,,,,,,,,,,Нет,8,23.0,"Меньше, чем в прошлом году",45,Работают или планируют работать,Не думали,0.0
86,2026-09-14 14:11:06,298,False,3 курс,Современное искусство,БВШД,Бакалавриат,,,,6–10,6–10,не планирую,,до 30 минут,,4,Организация собственного времени; Объём и темп нагрузки; Общение с однокурсниками,,"Собрать портфолио; Конкурсы, фестивали, соревнования; Собственный проект",,Думал(а) о переводе на другую программу внутри университета,,Индивидуальных консультаций; Помощи с трудоустройством; Всего хватает,,Участвую в творческих или общественных проектах,,,,,,,,,,"Такие же как в прошлом, но с большим количеством самостоятельности и свободы в художественной практике",Личные причины,Любая работа с архивом,Предпочли не отвечать,8,8.0,"Столько же, сколько в прошлом году",15,Не планируют работать,Думали в прошлом году,1.0
89,2026-09-14 14:13:19,467,False,3 курс,Современное искусство,БВШД,Бакалавриат,,,,6–10,16–20,11–20 часов в неделю,смежная сфера,30–60 минут,,3,Объём и темп нагрузки; Совмещение учёбы с работой; Сессия и экзамены,,"Закрыть сессии без задолженностей; Собрать портфолио; Конкурсы, фестивали, соревнования",,Думал(а) о переводе на другую программу внутри университета,,Понятных требований к работам; Гибкости в выборе дисциплин; Всего хватает,,Занимаюсь спортом,,,,,,,,,,"ожидаю спокойного эффективного обучения, без лишнего.много продуктивной учебы и таких же классных внеурочных университетских мероприятий которых так не хватает",процесс обучения,,Нет,8,18.0,"Меньше, чем в прошлом году",45,Работают или планируют работать,Думали в прошлом году,1.0
91,2026-09-14 14:15:59,619,False,3 курс,Современное искусство,БВШД,Бакалавриат,,,,11–15,11–15,не планирую,,до 30 минут,,5,Организация собственного времени; Дорога и режим дня,,Закрыть сессии без задолженностей; Собственный проект,,"Нет, не думал(а)",,Всего хватает,,Играю в командные компьютерные игры; Играю в одиночные компьютерные игры; Играю в мобильные игры; Играю в шахматы или другие интеллектуальные игры; Занимаюсь спортом; Участвую в творческих или общественных проектах,,,,,,,,,,Самое главное для меня - поездка в Китай.,,Выставка в cosmoscow,Нет,13,13.0,"Столько же, сколько в прошлом году",15,Не планируют работать,Не думали,0.0
165,2026-09-14 21:08:45,25383,True,3 курс,Современное искусство,БВШД,Бакалавриат,,,,16–20,21–25,21–30 часов в неделю,"нет, ради заработка",30–60 минут,Нет,4,Организация собственного времени; Совмещение учёбы с работой; Публичные защиты и выступления,,Собрать портфолио; Работа по специальности; Собственный проект,,Думал(а) о переводе в другой вуз,,Контактов с индустрией; Понятных требований к работам; Помощи с трудоустройством,,Играю в шахматы или другие интеллектуальные игры,,,,,,,,,Судоку,,Очень высокая цена за год обучения здесь,,Нет,18,23.0,"Меньше, чем в прошлом году",45,Работают или планируют работать,Думали в прошлом году,1.0
192,2026-09-21 19:05:27,659,False,3 курс,Современное искусство,БВШД,Бакалавриат,,,,более 25,более 25,пока не знаю,,30–60 минут,,5,"Работа с источниками, тексты",,"Стажировка; Конкурсы, фестивали, соревнования; Собственный проект",,"Нет, не думал(а)",,Другое (свой вариант),"Времени на самостоятельную работу в мастерских, особенно в ювелирной мастерской",Играю в командные компьютерные игры; Участвую в творческих или общественных проектах,,,,,,,,,,"Хочу участвовать в творческих коллабах, съездить в Китай по обмену, иметь возможность поучаствовать в выставках в университете и за его приделами, обмениваться опытом со студентами других вузов, видеть на занятиях практикующих художников и кураторов",,"Я состою в студсовете, хожу на лекции, приму участие в большинстве мероприятий",Нет,28,28.0,"Столько же, сколько в прошлом году",45,Пока не знают,Не думали,0.0
193,2026-09-21 19:08:44,278,False,3 курс,Современное искусство,БВШД,Бакалавриат,,,,16–20,16–20,пока не знаю,,30–60 минут,,5,Организация собственного времени,,Другое (свой вариант),"Участие в ярмарках, выставках, нетворкинг, развитие практики","Нет, не думал(а)",,Контактов с индустрией; Помощи с трудоустройством,,Участвую в творческих или общественных проектах,,,,,,,,,,"Развить и свою практику, обзавестись связями со специалистами",,Нетворкинг,Нет,18,18.0,"Столько же, сколько в прошлом году",45,Пока не знают,Не думали,0.0
204,2026-09-21 20:13:16,1768,False,3 курс,Современное искусство,БВШД,Бакалавриат,,,,6–10,11–15,21–30 часов в неделю,"нет, ради заработка",до 30 минут,,4,Организация собственного времени; Совмещение учёбы с работой; Сессия и экзамены,,Закрыть сессии без задолженностей; Собрать портфолио,,Думал(а) о переводе в другой вуз,,Практики и проектной работы; Понятных требований к работам; Помощи с трудоустройством,,Играю в командные компьютерные игры; Играю в одиночные компьютерные игры; Играю в мобильные игры; Занимаюсь спортом,,,,,,,,,,,Новые интересы,,Нет,8,13.0,"Меньше, чем в прошлом году",15,Работают или планируют работать,Думали в прошлом году,1.0
212,2026-09-22 00:01:53,246,False,3 курс,Современное искусство,БВШД,Бакалавриат,,,,16–20,11–15,11–20 часов в неделю,"нет, ради заработка",60–90 минут,,4,Организация собственного времени; Совмещение учёбы с работой,,Собственный проект,,"Нет, не думал(а)",,Всего хватает,,Участвую в творческих или общественных проектах,,,,,,,,,,,,,Нет,18,13.0,"Больше, чем в прошлом году",75,Работают или планируют работать,Не думали,0.0
236,2026-09-22 19:43:37,368,False,3 курс,Современное искусство,БВШД,Бакалавриат,,,,6–10,6–10,не планирую,,60–90 минут,Нет,4,Объём и темп нагрузки; Дорога и режим дня; Публичные защиты и выступления,,Собственный проект; Подтянуть базовые навыки,,"Нет, не думал(а)",,Доступа к оборудованию и студиям,,Играю в одиночные компьютерные игры; Играю в мобильные игры,,,,,,Brawl Stars,,го,,,,,Нет,8,8.0,"Столько же, сколько в прошлом году",75,Не планируют работать,Не думали,0.0
114,2026-09-14 15:32:14,207,False,4 курс,Графический дизайн,БВШД,Бакалавриат,,,,6–10,11–15,до 10 часов в неделю,"да, по специальности",до 30 минут,,4,"Работа с источниками, тексты; Сессия и экзамены",,Собрать портфолио; Курсовая работа или ВКР; Работа по специальности,,"Нет, не думал(а)",,Индивидуальных консультаций; Контактов с индустрией; Понятных требований к работам,,Занимаюсь спортом; Участвую в творческих или общественных проектах,,,,,,,,,,"плотодворная работа над дипломом, общение с кураторами, нетворкинг, работа в мастерских",,креативный фестиваль/конкурс/опенколл,Нет,8,13.0,"Меньше, чем в прошлом году",15,Работают или планируют работать,Не думали,0.0
115,2026-09-14 15:32:21,203,False,4 курс,Графический дизайн,БВШД,Бакалавриат,,,,16–20,16–20,11–20 часов в неделю,"да, по специальности",более 90 минут,,5,Дорога и режим дня,,"Курсовая работа или ВКР; Работа по специальности; Конкурсы, фестивали, соревнования",,"Нет, не думал(а)",,Практики и проектной работы; Контактов с индустрией; Помощи с трудоустройством,,Играю в командные компьютерные игры; Играю в одиночные компьютерные игры; Занимаюсь спортом; Участвую в творческих или общественных проектах,,,,,,,,,,,,,Нет,18,18.0,"Столько же, сколько в прошлом году",105,Работают или планируют работать,Не думали,0.0
121,2026-09-14 15:32:35,154,False,4 курс,Графический дизайн,БВШД,Бакалавриат,,,,1–5,1–5,более 30 часов в неделю,"да, по специальности",60–90 минут,,4,Публичные защиты и выступления,,Работа по специальности,,"Нет, не думал(а)",,Практики и проектной работы; Понятных требований к работам; Помощи с трудоустройством,,Не играю и ничем из перечисленного не занимаюсь,,,,,,,,,,,,,Да,3,3.0,"Столько же, сколько в прошлом году",75,Работают или планируют работать,Не думали,0.0
135,2026-09-14 15:34:56,126,False,4 курс,Графический дизайн,БВШД,Бакалавриат,,,,11–15,16–20,уже работаю полный день,"да, по специальности",30–60 минут,,3,"Объём и темп нагрузки; Совмещение учёбы с работой; Работа с источниками, тексты",,Собрать портфолио; Курсовая работа или ВКР; Работа по специальности,,"Нет, не думал(а)",,Контактов с индустрией; Понятных требований к работам; Помощи с трудоустройством,,Участвую в творческих или общественных проектах,,,,,,,,,,,,,Предпочли не отвечать,13,18.0,"Меньше, чем в прошлом году",45,Работают или планируют работать,Не думали,0.0
138,2026-09-14 15:35:56,158,False,4 курс,Графический дизайн,БВШД,Бакалавриат,,,,21–25,21–25,пока не знаю,,30–60 минут,,4,"Дорога и режим дня; Работа с источниками, тексты",,Закрыть сессии без задолженностей; Собрать портфолио; Работа по специальности,,"Нет, не думал(а)",,Индивидуальных консультаций; Контактов с индустрией; Помощи с трудоустройством,,Не играю и ничем из перечисленного не занимаюсь,,,,,,,,,,,,,Нет,23,23.0,"Столько же, сколько в прошлом году",45,Пока не знают,Не думали,0.0
139,2026-09-14 15:36:45,465,False,4 курс,Графический дизайн,БВШД,Бакалавриат,,,,более 25,более 25,11–20 часов в неделю,"да, по специальности",до 30 минут,Готов(а) помочь с организацией или стать капитаном команды,3,Публичные защиты и выступления,,Курсовая работа или ВКР; Стажировка; Работа по специальности,,"Нет, не думал(а)",,Доступа к оборудованию и студиям; Помощи с трудоустройством; Гибкости в выборе дисциплин,,Играю в командные компьютерные игры,,Valorant; Marvel Rivals,,Не играю в игры этой категории,,Не играю в игры этой категории,,Не играю в игры этой категории,,,,,Нет,28,28.0,"Столько же, сколько в прошлом году",15,Работают или планируют работать,Не думали,0.0
181,2026-09-21 18:43:18,386,False,4 курс,Графический дизайн,БВШД,Бакалавриат,,,,16–20,21–25,уже работаю полный день,"да, по специальности",до 30 минут,,4,Совмещение учёбы с работой; Публичные защиты и выступления,,Собрать портфолио; Работа по специальности; Собственный проект,,Думал(а) о переводе в другой вуз,,Индивидуальных консультаций; Понятных требований к работам; Помощи с трудоустройством,,Играю в одиночные компьютерные игры; Играю в шахматы или другие интеллектуальные игры; Занимаюсь спортом; Участвую в творческих или общественных проектах,,,,,,,,,,"Надеюсь, что преподаватели будут более понимающими к студентам, которые работают по профессии, а так же надеюсь, что большая часть времени на парах будет уходить на подготовку к диплому.","Наверное было ощущение, что меня не слышат преподаватели, а самые любимые, с которыми был коннект к сожалению ушли","Я бы не принимала участие в активностях от университета, потому что у меня большая загрузка в расписании",Предпочли не отвечать,18,23.0,"Меньше, чем в прошлом году",15,Работают или планируют работать,Думали в прошлом году,1.0
215,2026-09-22 02:51:57,242,False,4 курс,Графический дизайн,БВШД,Бакалавриат,,,,16–20,16–20,пока не знаю,,60–90 минут,Нет,4,Дорога и режим дня; Публичные защиты и выступления,,Курсовая работа или ВКР; Стажировка; Работа по специальности,,"Нет, не думал(а)",,Практики и проектной работы; Контактов с индустрией; Помощи с трудоустройством,,Играю в одиночные компьютерные игры; Играю в мобильные игры,,,,,,,Block out,,Манчкин; Но не раз в неделю,получить диплом,,,Нет,18,18.0,"Столько же, сколько в прошлом году",75,Пока не знают,Не думали,0.0
217,2026-09-22 08:49:30,264,False,4 курс,Графический дизайн,БВШД,Бакалавриат,,,,11–15,6–10,21–30 часов в неделю,"да, по специальности",60–90 минут,,3,Совмещение учёбы с работой; Публичные защиты и выступления,,"Собрать портфолио; Работа по специальности; Найти круг общения, влиться в среду",,Думал(а) об отчислении из университета,,Практики и проектной работы,,Играю в одиночные компьютерные игры; Занимаюсь спортом; Участвую в творческих или общественных проектах,,,,,,,,,,,,,Нет,13,8.0,"Больше, чем в прошлом году",75,Работают или планируют работать,Думали в прошлом году,1.0
231,2026-09-22 13:53:23,68953,True,4 курс,Графический дизайн,БВШД,Бакалавриат,,,,16–20,16–20,пока не знаю,,более 90 минут,,5,"Дорога и режим дня; Работа с источниками, тексты",,"Курсовая работа или ВКР; Работа по специальности; Найти круг общения, влиться в среду",,"Нет, не думал(а)",,Практики и проектной работы,,"Играю в командные компьютерные игры; Играю в одиночные компьютерные игры; Играю в шахматы или другие интеллектуальные игры; Играю, но не в соревновательные игры; Занимаюсь спортом; Участвую в творческих или общественных проектах",,,,,,,,,,"Хочется интересных лекций и практик, насыщенные пары т.к. много времени уделено самостоятельной работе",,"Спортивный ивент в парке, турнир по играм, воркшоп",Нет,18,18.0,"Столько же, сколько в прошлом году",105,Пока не знают,Не думали,0.0
112,2026-09-14 15:32:05,185,False,4 курс,Дизайн и архитектура интерьера,БВШД,Бакалавриат,,,,более 25,21–25,пока не знаю,,до 30 минут,,5,Сессия и экзамены,,Закрыть сессии без задолженностей; Собрать портфолио; Курсовая работа или ВКР,,Предпочитаю не отвечать,,Доступа к оборудованию и студиям; Практики и проектной работы; Контактов с индустрией,,Играю в командные компьютерные игры; Играю в одиночные компьютерные игры; Занимаюсь спортом; Участвую в творческих или общественных проектах,,,,,,,,,,,,,Нет,28,23.0,"Больше, чем в прошлом году",15,Пока не знают,Предпочли не отвечать,
116,2026-09-14 15:32:22,201,False,4 курс,Дизайн и архитектура интерьера,БВШД,Бакалавриат,,,,21–25,более 25,11–20 часов в неделю,"да, по специальности",60–90 минут,,5,Объём и темп нагрузки; Дорога и режим дня; Сессия и экзамены,,Собрать портфолио; Работа по специальности; Собственный проект,,"Нет, не думал(а)",,Практики и проектной работы; Контактов с индустрией; Понятных требований к работам,,Занимаюсь спортом,,,,,,,,,,,,,Нет,23,28.0,"Меньше, чем в прошлом году",75,Работают или планируют работать,Не думали,0.0
118,2026-09-14 15:32:30,210,False,4 курс,Дизайн и архитектура интерьера,БВШД,Бакалавриат,,,,11–15,11–15,пока не знаю,,30–60 минут,,4,"Работа с источниками, тексты; Сессия и экзамены; Публичные защиты и выступления",,Собрать портфолио; Курсовая работа или ВКР; Работа по специальности,,"Нет, не думал(а)",,Всего хватает,,Занимаюсь спортом,,,,,,,,,,,,,Нет,13,13.0,"Столько же, сколько в прошлом году",45,Пока не знают,Не думали,0.0
127,2026-09-14 15:33:00,246,False,4 курс,Дизайн и архитектура интерьера,БВШД,Бакалавриат,,,,более 25,16–20,не планирую,,30–60 минут,,5,Организация собственного времени; Объём и темп нагрузки; Дорога и режим дня,,Закрыть сессии без задолженностей; Курсовая работа или ВКР,,"Нет, не думал(а)",,Контактов с индустрией,,Занимаюсь спортом,,,,,,,,,,,,,Нет,28,18.0,"Больше, чем в прошлом году",45,Не планируют работать,Не думали,0.0
128,2026-09-14 15:33:08,124,False,4 курс,Дизайн и архитектура интерьера,БВШД,Бакалавриат,,,,6–10,6–10,до 10 часов в неделю,"да, по специальности",до 30 минут,,5,Другое (свой вариант),как будто ничего из вышеперечисленного,Другое (свой вариант),сделать все максимально круто,"Нет, не думал(а)",,Всего хватает,,Занимаюсь спортом,,,,,,,,,,,,,Нет,8,8.0,"Столько же, сколько в прошлом году",15,Работают или планируют работать,Не думали,0.0
195,2026-09-21 19:21:59,1769,False,4 курс,Дизайн и архитектура интерьера,БВШД,Бакалавриат,,,,1–5,более 25,пока не знаю,,30–60 минут,,4,Сессия и экзамены,,Собрать портфолио; Работа по специальности,,"Нет, не думал(а)",,Контактов с индустрией; Помощи с трудоустройством,,Занимаюсь спортом; Участвую в творческих или общественных проектах,,,,,,,,,,,,,Нет,3,28.0,"Меньше, чем в прошлом году",45,Пока не знают,Не думали,0.0
225,2026-09-22 10:22:54,56754,True,4 курс,Дизайн и архитектура интерьера,БВШД,Бакалавриат,,,,1–5,более 25,уже работаю полный день,"да, по специальности",до 30 минут,,5,Совмещение учёбы с работой; Публичные защиты и выступления,,Другое (свой вариант),"Диплом, продолжение работы по профилю",Думал(а) о переводе в другой вуз; Думал(а) об отчислении из университета,,Индивидуальных консультаций; Практики и проектной работы; Контактов с индустрией,,Играю в шахматы или другие интеллектуальные игры; Занимаюсь спортом,,,,,,,,,,,Отсутствие перспектив у университета и стоимость обучения ( за Росс диплом),"Ни в каких, я профессиональный спортсмен вне университета, нет возможности",Предпочли не отвечать,3,28.0,"Меньше, чем в прошлом году",15,Работают или планируют работать,Думали в прошлом году,1.0
109,2026-09-14 15:31:13,133,False,4 курс,Дизайн одежды и текстиля,БВШД,Бакалавриат,,,,1–5,0,11–20 часов в неделю,"да, по специальности",30–60 минут,,5,Организация собственного времени; Объём и темп нагрузки; Совмещение учёбы с работой,,Закрыть сессии без задолженностей; Собрать портфолио; Курсовая работа или ВКР,,"Нет, не думал(а)",,Помощи с трудоустройством,,Занимаюсь спортом,,,,,,,,,,,,хор,Нет,3,0.0,"Больше, чем в прошлом году",45,Работают или планируют работать,Не думали,0.0
111,2026-09-14 15:31:36,154,False,4 курс,Дизайн одежды и текстиля,БВШД,Бакалавриат,,,,11–15,11–15,не планирую,,более 90 минут,,5,Организация собственного времени; Объём и темп нагрузки; Дорога и режим дня,,Закрыть сессии без задолженностей; Собрать портфолио; Собственный проект,,Думал(а) об отчислении из университета,,Контактов с индустрией; Понятных требований к работам; Гибкости в выборе дисциплин,,"Играю в командные компьютерные игры; Играю в одиночные компьютерные игры; Играю в мобильные игры; Играю в шахматы или другие интеллектуальные игры; Играю, но не в соревновательные игры",,,,,,,,,,,,,Нет,13,13.0,"Столько же, сколько в прошлом году",105,Не планируют работать,Думали в прошлом году,1.0
113,2026-09-14 15:32:14,195,False,4 курс,Дизайн одежды и текстиля,БВШД,Бакалавриат,,,,16–20,21–25,пока не знаю,,60–90 минут,,5,Организация собственного времени; Объём и темп нагрузки; Доступ к оборудованию и профильному ПО,,Закрыть сессии без задолженностей; Собрать портфолио; Работа по специальности,,Предпочитаю не отвечать,,Индивидуальных консультаций; Доступа к оборудованию и студиям; Контактов с индустрией,,Занимаюсь спортом; Участвую в творческих или общественных проектах,,,,,,,,,,получить диплом,,,Да,18,23.0,"Меньше, чем в прошлом году",75,Пока не знают,Предпочли не отвечать,
119,2026-09-14 15:32:32,205,False,4 курс,Дизайн одежды и текстиля,БВШД,Бакалавриат,,,,0,0,пока не знаю,,более 90 минут,,5,Объём и темп нагрузки; Дорога и режим дня; Сессия и экзамены,,Собрать портфолио; Собственный проект,,Предпочитаю не отвечать,,Контактов с индустрией; Понятных требований к работам,,Занимаюсь спортом,,,,,,,,,,🙆‍♀️🙆‍♀️🙆‍♀️,,🙇🏻,Нет,0,0.0,"Столько же, сколько в прошлом году",105,Пока не знают,Предпочли не отвечать,
125,2026-09-14 15:32:44,197,False,4 курс,Дизайн одежды и текстиля,БВШД,Бакалавриат,,,,6–10,16–20,до 10 часов в неделю,"нет, ради заработка",30–60 минут,,4,Объём и темп нагрузки; Сессия и экзамены; Публичные защиты и выступления,,Собрать портфолио; Курсовая работа или ВКР; Собственный проект,,"Нет, не думал(а)",,Индивидуальных консультаций; Помощи с трудоустройством,,Участвую в творческих или общественных проектах; Не играю и ничем из перечисленного не занимаюсь,,,,,,,,,,Страшно. Надеюсь нас будут поддерживать,,Спать на кровати и отдыхать,Предпочли не отвечать,8,18.0,"Меньше, чем в прошлом году",45,Работают или планируют работать,Не думали,0.0
130,2026-09-14 15:33:29,260,False,4 курс,Дизайн одежды и текстиля,БВШД,Бакалавриат,,,,более 25,6–10,не планирую,,60–90 минут,Нет,4,Дорога и режим дня; Сессия и экзамены,,Закрыть сессии без задолженностей; Собрать портфолио; Курсовая работа или ВКР,,"Нет, не думал(а)",,Понятных требований к работам,,Играю в командные компьютерные игры,,CS2; Valorant; Overwatch 2,Naraka. Pubg; The finals; Fortnite,Tekken 8,,Standoff 2,,Не играю в игры этой категории,,🫪,,Ни в каких,Нет,28,8.0,"Больше, чем в прошлом году",75,Не планируют работать,Не думали,0.0
131,2026-09-14 15:33:42,276,False,4 курс,Дизайн одежды и текстиля,БВШД,Бакалавриат,,,,6–10,более 25,уже работаю полный день,смежная сфера,30–60 минут,,2,"Объём и темп нагрузки; Сессия и экзамены; Обратиться за помощью, когда что-то непонятно",,Собрать портфолио; Другое (свой вариант),Получить аккредитованный диплом,Думал(а) о переводе в другой вуз; Думал(а) об отчислении из университета; Думаю об этом сейчас,,Контактов с индустрией; Регулярной обратной связи по работам; Понятных требований к работам,,Занимаюсь спортом,,,,,,,,,,Получить аккредитованный диплом и не убиться,Сами знаете,Ни в каких,Нет,8,28.0,"Меньше, чем в прошлом году",45,Работают или планируют работать,Думают сейчас,1.0
132,2026-09-14 15:33:47,263,False,4 курс,Дизайн одежды и текстиля,БВШД,Бакалавриат,,,,6–10,21–25,до 10 часов в неделю,смежная сфера,30–60 минут,,5,"Объём и темп нагрузки; Совмещение учёбы с работой; Обратиться за помощью, когда что-то непонятно",,Собственный проект,,"Нет, не думал(а)",,Контактов с индустрией; Понятных требований к работам,,Играю в одиночные компьютерные игры; Играю в шахматы или другие интеллектуальные игры; Занимаюсь спортом,,,,,,,,,,получить диплом,,ни в каких,Нет,8,23.0,"Меньше, чем в прошлом году",45,Работают или планируют работать,Не думали,0.0
175,2026-09-21 18:40:53,258,False,4 курс,Дизайн одежды и текстиля,БВШД,Бакалавриат,,,,11–15,11–15,не планирую,,30–60 минут,,4,Организация собственного времени; Объём и темп нагрузки; Публичные защиты и выступления,,Закрыть сессии без задолженностей; Собственный проект; Подтянуть базовые навыки,,Предпочитаю не отвечать,,Индивидуальных консультаций; Понятных требований к работам; Другое (свой вариант),Индивидуальных консультаций с технологами,Играю в шахматы или другие интеллектуальные игры; Занимаюсь спортом,,,,,,,,,,,,В активностях связанных с московской неделей моды,Предпочли не отвечать,13,13.0,"Столько же, сколько в прошлом году",45,Не планируют работать,Предпочли не отвечать,
211,2026-09-21 23:21:21,275,False,4 курс,Дизайн одежды и текстиля,БВШД,Бакалавриат,,,,более 25,более 25,уже работаю полный день,"да, по специальности",до 30 минут,,5,Организация собственного времени; Объём и темп нагрузки; Совмещение учёбы с работой,,Курсовая работа или ВКР; Работа по специальности,,"Нет, не думал(а)",,Контактов с индустрией; Регулярной обратной связи по работам,,Занимаюсь спортом; Участвую в творческих или общественных проектах,,,,,,,,,,"Надеюсь на понимание рабочего графика со стороны преподавательского состава и ожидаю поддержки проектов в медиа и соц пространстве от университета, яркой огласки коллекций",,"В выставке, в создании контента для медиа",Нет,28,28.0,"Столько же, сколько в прошлом году",15,Работают или планируют работать,Не думали,0.0
110,2026-09-14 15:31:18,143,False,4 курс,Иллюстрация,БВШД,Бакалавриат,,,,1–5,более 25,пока не знаю,,30–60 минут,,5,Объём и темп нагрузки,,Закрыть сессии без задолженностей; Собрать портфолио; Работа по специальности,,"Нет, не думал(а)",,Контактов с индустрией,,Занимаюсь спортом,,,,,,,,,,,,,Нет,3,28.0,"Меньше, чем в прошлом году",45,Пока не знают,Не думали,0.0
120,2026-09-14 15:32:33,201,False,4 курс,Иллюстрация,БВШД,Бакалавриат,,,,более 25,более 25,до 10 часов в неделю,"да, по специальности",60–90 минут,,4,Другое (свой вариант),Диплом,Курсовая работа или ВКР; Стажировка; Работа по специальности,,"Нет, не думал(а)",,Контактов с индустрией; Помощи с трудоустройством; Другое (свой вариант),Точного и достоверного расписания,Играю в одиночные компьютерные игры; Играю в мобильные игры; Играю в шахматы или другие интеллектуальные игры; Занимаюсь спортом; Участвую в творческих или общественных проектах,,,,,,,,,,,,,Нет,28,28.0,"Столько же, сколько в прошлом году",75,Работают или планируют работать,Не думали,0.0
126,2026-09-14 15:32:46,230,False,4 курс,Иллюстрация,БВШД,Бакалавриат,,,,1–5,6–10,пока не знаю,,60–90 минут,"Да, участвовать",5,Объём и темп нагрузки; Дорога и режим дня; Публичные защиты и выступления,,Собственный проект,,"Нет, не думал(а)",,Доступа к оборудованию и студиям; Контактов с индустрией; Помощи с трудоустройством,,Играю в командные компьютерные игры; Играю в одиночные компьютерные игры,,,,,Геншин,,Find it,квизы и «Что? Где?Когда?»,,"Насыщенный яркий год с внеурочными мероприятиями и, наоборот, встречами с людьми из моей сферы",,В йоге,Нет,3,8.0,"Меньше, чем в прошлом году",75,Пока не знают,Не думали,0.0
129,2026-09-14 15:33:21,260,False,4 курс,Иллюстрация,БВШД,Бакалавриат,,,,1–5,6–10,до 10 часов в неделю,"нет, ради заработка",30–60 минут,,4,"Объём и темп нагрузки; Работа с источниками, тексты; Сессия и экзамены",,Закрыть сессии без задолженностей; Собрать портфолио; Собственный проект,,"Нет, не думал(а)",,Индивидуальных консультаций; Понятных требований к работам; Помощи с трудоустройством,,"Играю в командные компьютерные игры; Играю в одиночные компьютерные игры; Играю в мобильные игры; Играю в шахматы или другие интеллектуальные игры; Играю, но не в соревновательные игры",,,,,,,,,,Хочу сделать портфолио для работы и более логичный и удобный график учебы,,Стадировка,Да,3,8.0,"Меньше, чем в прошлом году",45,Работают или планируют работать,Не думали,0.0
133,2026-09-14 15:34:26,276,False,4 курс,Иллюстрация,БВШД,Бакалавриат,,,,6–10,11–15,пока не знаю,,30–60 минут,,4,Объём и темп нагрузки; Публичные защиты и выступления,,Закрыть сессии без задолженностей; Курсовая работа или ВКР; Собственный проект,,Думал(а) об академическом отпуске,,Понятных требований к работам,,Играю в командные компьютерные игры; Играю в одиночные компьютерные игры; Участвую в творческих или общественных проектах,,,,,,,,,,,,"Волонтерство, помощь детям с особенностями здоровья",Да,8,13.0,"Меньше, чем в прошлом году",45,Пока не знают,Думали в прошлом году,1.0
134,2026-09-14 15:34:31,331,False,4 курс,Иллюстрация,БВШД,Бакалавриат,,,,более 25,более 25,пока не знаю,,30–60 минут,Нет,3,Объём и темп нагрузки; Сессия и экзамены; Публичные защиты и выступления,,Закрыть сессии без задолженностей; Собрать портфолио; Стажировка,,Думал(а) о переводе в другой вуз; Думаю об этом сейчас,,Практики и проектной работы; Контактов с индустрией; Помощи с трудоустройством,,Играю в мобильные игры,,,,,,Brawl Stars,,шашки,,"Ожидаю что будет сложно, очень надеюсь что вуз все-таки получит аккредитацию",Отсутствие аккредитации,,Другое (свободный ответ),28,28.0,"Столько же, сколько в прошлом году",45,Пока не знают,Думают сейчас,1.0
136,2026-09-14 15:35:17,367,False,4 курс,Иллюстрация,БВШД,Бакалавриат,,,,более 25,более 25,пока не знаю,,30–60 минут,,1,"Организация собственного времени; Работа с источниками, тексты; Сессия и экзамены",,Собрать портфолио; Курсовая работа или ВКР; Работа по специальности,,Думал(а) об отчислении из университета; Предпочитаю не отвечать,,Понятных требований к работам; Помощи с трудоустройством,,"Играю в одиночные компьютерные игры; Играю в шахматы или другие интеллектуальные игры; Играю, но не в соревновательные игры; Участвую в творческих или общественных проектах",,,,,,,,,,"Дипломный год, так что надеюсь на лучшее, готовлюсь к худшему",,"Праздники, йога, киноклуб",Да,28,28.0,"Столько же, сколько в прошлом году",45,Пока не знают,Думали в прошлом году,1.0
137,2026-09-14 15:35:49,412,False,4 курс,Иллюстрация,БВШД,Бакалавриат,,,,6–10,16–20,до 10 часов в неделю,"да, по специальности",60–90 минут,,3,Объём и темп нагрузки,,Закрыть сессии без задолженностей; Собрать портфолио; Работа по специальности,,Думал(а) об отчислении из университета; Думал(а) об академическом отпуске,,Контактов с индустрией; Понятных требований к работам; Помощи с трудоустройством,,Занимаюсь спортом; Участвую в творческих или общественных проектах,,,,,,,,,,"Очень надеюсь, что будет легче. Ожидаю меньше проблем с расписанием и более слаженную работу преподавательского состава","Нас вызвали на неделю раньше с новогодних каникул и ввели новый бриф, который не помещался в расписание и мы всем курсом оставались в вузе до 12ти ночи несколько месяцев подряд.",,Нет,8,18.0,"Меньше, чем в прошлом году",75,Работают или планируют работать,Думали в прошлом году,1.0
141,2026-09-14 15:41:15,731,False,4 курс,Иллюстрация,БВШД,Бакалавриат,,,,6–10,6–10,пока не знаю,,более 90 минут,,4,"Объём и темп нагрузки; Дорога и режим дня; Работа с источниками, тексты",,Закрыть сессии без задолженностей; Собрать портфолио; Собственный проект,,"Нет, не думал(а)",,Контактов с индустрией; Помощи с трудоустройством,,Занимаюсь спортом,,,,,,,,,,определится точно с дипломом и хорошо его защитить. быть довольной своим результатом и собой. не потеряться в процессе учебы,,,Да,8,8.0,"Столько же, сколько в прошлом году",105,Пока не знают,Не думали,0.0
241,2026-09-22 20:34:41,156,False,4 курс,Кинопроизводство,МШК,Бакалавриат,,,,1–5,1–5,уже работаю полный день,"да, по специальности",30–60 минут,,3,"Совмещение учёбы с работой; Обратиться за помощью, когда что-то непонятно; Другое (свой вариант)",организация учебного процесса:),Работа по специальности,,Уже перевел(-ась) из другого вуза или внутри университета; Думал(а) об отчислении из университета,,Доступа к оборудованию и студиям; Контактов с индустрией; Помощи с трудоустройством,,Играю в шахматы или другие интеллектуальные игры; Занимаюсь спортом; Участвую в творческих или общественных проектах,,,,,,,,,,,,,Нет,3,3.0,"Столько же, сколько в прошлом году",45,Работают или планируют работать,Думали в прошлом году,1.0
252,2026-09-22 20:44:17,723,False,4 курс,Кинопроизводство,МШК,Бакалавриат,,,,более 25,более 25,21–30 часов в неделю,"да, по специальности",30–60 минут,,5,Дорога и режим дня,,"Конкурсы, фестивали, соревнования; Собственный проект",,Думаю об этом сейчас,,Регулярной обратной связи по работам; Гибкости в выборе дисциплин; Другое (свой вариант),"Нам не хватает знаний о профессии. На протяжении трех лет нам преподают одно и тоже, но с разными презентациями",Занимаюсь спортом; Участвую в творческих или общественных проектах,,,,,,,,,,"Мой курс недоволен нынешним расписанием. Мы хотели бы закрыть все дыры за прошлые года Я бы хотела, чтобы у нас были занятия со Шмаковой, так как мы практически не получили информации о том, как правильно искать актеров, проводить кастинг и отбирать наиболее подходящих кандидатов Хотелось бы больше занятий по рекламе с преподавателем, который непосредственно работает в этой сфере и сможет рассказать про специфику рекламных съемок, важные нюансы и тонкости работы режиссера в этом направлении Было бы здорово провести интенсив по VFX. Мне кажется, режиссерам важно понимать, как работать с графикой, какие у нее есть возможности и как правильно ставить задачи на этапе постпродакшена Еще было бы интересно отдельно изучить саунд-дизайн: как звук влияет на восприятие кино, как с его помощью можно менять атмосферу и эмоцию сцены и как режиссеру правильно использовать его в своей работе Хотелось бы больше углубиться в креативное продюсирование: как развивать идею проекта, формировать его концепцию, доводить первоначальную задумку до полноценного проекта","Наш курс обделен обратной связью от комиссии. Мы не получаем тех знаний, которые хотим",.,Предпочли не отвечать,28,28.0,"Столько же, сколько в прошлом году",45,Работают или планируют работать,Думают сейчас,1.0
253,2026-09-22 20:47:28,704,False,4 курс,Кинопроизводство,МШК,Бакалавриат,,,,более 25,более 25,уже работаю полный день,"да, по специальности",30–60 минут,,3,Усвоение учебного материала; Совмещение учёбы с работой; Сессия и экзамены,,Другое (свой вариант),Все вышеперечисленное,"Нет, не думал(а)",,Контактов с индустрией; Понятных требований к работам; Помощи с трудоустройством,,Участвую в творческих или общественных проектах,,,,,,,,,,"1) Ожидаю недостаточное погружение в изучаемый материал из-за отсутствия достаточного количества академических часов по выбранной специальности. 2) Сложности со съемками диплома из-за отсутствия внятного построения учебных процессов. Возможно, возникнут сложности в обеспечении студентов условиями съемки дипломных работ, как технические, так и временные. Отсутствие достаточной подготовки к съемкам. 3) Не возлагаю больших надежд на этот учебный год, к сожалению. Хотелось бы либо упор на практику в разных компаниях (например, как этим летом предоставили возможность практики на киностудии ""Амедиа""), либо погружения в академический материал. Пока ничего из вышеперечисленного не входит в учебный план",,"В активностях, направленных на междисциплинарный нетворкинг",Нет,28,28.0,"Столько же, сколько в прошлом году",45,Работают или планируют работать,Не думали,0.0
255,2026-09-22 20:54:42,175,False,4 курс,Кинопроизводство,МШК,Бакалавриат,,,,11–15,6–10,11–20 часов в неделю,смежная сфера,до 30 минут,,3,Совмещение учёбы с работой; Дорога и режим дня; Публичные защиты и выступления,,Закрыть сессии без задолженностей; Собрать портфолио; Собственный проект,,Думал(а) об академическом отпуске,,Контактов с индустрией; Регулярной обратной связи по работам; Помощи с трудоустройством,,Занимаюсь спортом,,,,,,,,,,,,,Нет,13,8.0,"Больше, чем в прошлом году",15,Работают или планируют работать,Думали в прошлом году,1.0
262,2026-09-22 21:32:21,524,False,4 курс,Кинопроизводство,МШК,Бакалавриат,,,,1–5,1–5,21–30 часов в неделю,"да, по специальности",до 30 минут,,3,Организация собственного времени; Совмещение учёбы с работой; Сессия и экзамены,,Собрать портфолио; Работа по специальности; Подтянуть базовые навыки,,Предпочитаю не отвечать,,Контактов с индустрией; Понятных требований к работам; Помощи с трудоустройством,,Играю в командные компьютерные игры; Играю в мобильные игры; Занимаюсь спортом; Участвую в творческих или общественных проектах,,,,,,,,,,Хотя бы попытаться наверстать упущенное операторское и нормально снять диплом. Надеюсь не будет косяков с организацией как а предыдущие годы особенно за 700 тыщ(,,После уника и работы хочется хоть чуток уделить время себе и близким. За 3 года не было ни разу чтобы я подумала что хочу чем то иным заняться если честно (,Да,3,3.0,"Столько же, сколько в прошлом году",15,Работают или планируют работать,Предпочли не отвечать,
263,2026-09-22 21:38:00,260,False,4 курс,Кинопроизводство,МШК,Бакалавриат,,,,1–5,более 25,пока не знаю,,60–90 минут,,3,Организация собственного времени; Объём и темп нагрузки; Дорога и режим дня,,Закрыть сессии без задолженностей; Собрать портфолио; Работа по специальности,,Думал(а) об отчислении из университета; Думал(а) об академическом отпуске; Думаю об этом сейчас,,Индивидуальных консультаций; Контактов с индустрией; Помощи с трудоустройством,,Играю в одиночные компьютерные игры; Играю в мобильные игры; Участвую в творческих или общественных проектах,,,,,,,,,,,,,Да,3,28.0,"Меньше, чем в прошлом году",75,Пока не знают,Думают сейчас,1.0
270,2026-09-22 22:05:31,1383,False,4 курс,Кинопроизводство,МШК,Бакалавриат,,,,6–10,6–10,11–20 часов в неделю,смежная сфера,60–90 минут,,3,"Дорога и режим дня; Обратиться за помощью, когда что-то непонятно; Другое (свой вариант)","Больше всего переживаний вызывает количество занятий и их качество, особенно для 4 курса",Курсовая работа или ВКР; Работа по специальности; Другое (свой вариант),"Начать полноценное обучение по моему направлению, хотя бы в финальном году. Поскольку качество занятий все три года до не давали ни навыков ни знаний. В общем очень хотелось, чтобы институт решил эту проблему каким либо способом",Думал(а) о переводе в другой вуз,,Доступа к оборудованию и студиям; Практики и проектной работы; Другое (свой вариант),"Описанного в ответах до этого. Выпускаясь, я не имею ощущения, что закончила бакалавриат по операторскому искусству.","Играю, но не в соревновательные игры; Занимаюсь спортом; Участвую в творческих или общественных проектах",,,,,,,,,,"Крайне много переживаний насчет съемки диплома и того, какие возможности на это даст институт. Поскольку мое профильное направление было невероятно слабым все три года обучения, а на данный момент не известно даже расписание на это направление, это крайне настораживает. Надеюсь институт пойдет на встречу и компенсирует не качественные три года операторского направления в 4 году, но пока, к сожалению, есть крайне большие переживания по этому поводу.","Отсутствие качественных занятий по операторскому профилю, появление техники только на 4 курсе, ощущение, что образование по моей специальности только начнется, хотя бакалавриат подходит к концу. Было желание переводится в другие институты, но проблема была в том, что количество дисциплин было несоизмеримо огромным и пришлось бы уйти чуть ли не на два года назад. Поскольку у нас было всего два занятия в неделю и их качество было весьма сомнительным из за посещаемости преподавателей и отсутствия программы, заполнить этот пробел при переходе в другой институт, означало бы буквально обучение с нуля.","Во всех, связанных с интеграцией в индустрию",Предпочли не отвечать,8,8.0,"Столько же, сколько в прошлом году",75,Работают или планируют работать,Думали в прошлом году,1.0
271,2026-09-22 22:06:32,168,False,4 курс,Кинопроизводство,МШК,Бакалавриат,,,,11–15,более 25,21–30 часов в неделю,смежная сфера,60–90 минут,,3,Организация собственного времени; Объём и темп нагрузки; Дорога и режим дня,,Собственный проект,,"Нет, не думал(а)",,Практики и проектной работы; Контактов с индустрией; Помощи с трудоустройством,,Играю в командные компьютерные игры; Играю в одиночные компьютерные игры; Участвую в творческих или общественных проектах,,,,,,,,,,Получить достойные ресурсы для съёмки диплома,,,Да,13,28.0,"Меньше, чем в прошлом году",75,Работают или планируют работать,Не думали,0.0
286,2026-09-23 12:17:51,199,False,4 курс,Кинопроизводство,МШК,Бакалавриат,,,,1–5,6–10,уже работаю полный день,"да, по специальности",60–90 минут,,2,Совмещение учёбы с работой; Сессия и экзамены; Другое (свой вариант),снять диплом без помощи в финансировании со стороны университета,"Курсовая работа или ВКР; Работа по специальности; Конкурсы, фестивали, соревнования",,Думал(а) об отчислении из университета,,Практики и проектной работы; Контактов с индустрией; Другое (свой вариант),хочется выбрать все варианты,Участвую в творческих или общественных проектах,,,,,,,,,,"честно, уже даже ожиданий нету:(","Не довольна обучением, не чувствую, что обучение стоит таких денег",,Нет,3,8.0,"Меньше, чем в прошлом году",75,Работают или планируют работать,Думали в прошлом году,1.0
287,2026-09-23 12:38:03,306,False,4 курс,Кинопроизводство,МШК,Бакалавриат,,,,6–10,6–10,уже работаю полный день,смежная сфера,30–60 минут,,2,Другое (свой вариант),Не отчислиться из универа из-за «классной» учебной программы,Собрать портфолио; Работа по специальности; Собственный проект,,Думаю об этом сейчас,,Другое (свой вариант),Всё перечисленное,Занимаюсь спортом; Участвую в творческих или общественных проектах,,,,,,,,,,Что наконец-то универ сделает что-то для своих студентов,"Ужасное отношение к учебе со стороны администрации. Почти 8 месяцев добивались увольнения Поморина, писали письма, встречались, но глаза закрывали, потому что видимо выгодно) Но когда дело дошло до властей выше, поменяли сразу же)","Сначала учебные активности подтяните, пожалуйста",Нет,8,8.0,"Столько же, сколько в прошлом году",45,Работают или планируют работать,Думают сейчас,1.0
288,2026-09-23 12:43:05,2514,False,4 курс,Кинопроизводство,МШК,Бакалавриат,,,,11–15,6–10,до 10 часов в неделю,смежная сфера,более 90 минут,Нет,3,Объём и темп нагрузки; Дорога и режим дня; Другое (свой вариант),Реализация диплома из-за недостатка полученных знаний.,Собрать портфолио; Другое (свой вариант),"Не выгореть окончательно и сохранить минимальный интерес к тому, чему нас обучают",Думал(а) о переводе на другую программу внутри университета; Думал(а) об отчислении из университета,,Другое (свой вариант),Дополнительных пар к треку. Количества часов с мастером,Играю в мобильные игры,,,,,,,Деревня смурфов,Не играю в игры этой категории,,"Честно, хочется хотя бы последний год провести как-то норм структурировано. Начало года с полупустым расписанием очень не радует. Все просьбы художественного трека о парах истории искусств и прочего, видимо были проигнорированы, пар с Аддисом вообще нет в расписании, какой-то курс по спецэффектам в кино (на 4 курсе.... ага...) длится дольше, чем все доп пары по режиссуре монтажа. Я искренне надеюсь, что последний год в мшк будет реально нормальным завершающим этапом нашего обучения, а не огрызком, на котором можно потренироваться на благо следующих потоков.","На втором курсе уже очень разочаровалась в профессии, поняла, что это в принципе очень не моё и ритм жизни, который предлагает работа в кино не подходит мне. Уже на третьем курсе, начиная со второго полугодия началась дикая возня с практиками по операторскому и худ направлению, нагрузка была просто конченая, если честно. Я не буду расписывать, как конкретно это всё повлияло на моё психическое здоровье, но просто знайте, что шлейф усталости и безисходности оттуда всё ещё тянется. Примерно в это же время стало понятно, что почти по всем специальностям у нашего курса отсутствует какой-либо костяк знаний и почти всё, что наши крутые ребята знают, они знают из своего опыта на площадке, а не от пар в вузе. Преподаватели, которые реально делятся своей мудростью и на их пары одно удовольствие ходить, имеют в нашей сетке расписания крайне мало часов. То, что мы нормально углубились в их изучение только в прошлом году и этого было очень мало и нам уже в этом году снимать диплом - просто сюр. Мы нормально изучали предмет, сколько, год? Слишком много времени потрачено зря на втором курсе. Всё, что нам нужно было давать раньше, было дано слишком поздно. То же обучение программам. Пользоваться премьером и фотошопом на 3 курсе? Серьёзно? Эти пары были полезны, я не спорю, но ОЧЕНЬ МАЛО часов. В принципе вот это ощущения потраченного времени в основном и повлияло на очень сильное желание всё поскорее закончить. Просто чтобы уже получить высшее и поступить по нему куда-то ещё, как будет желание и силы.","С удовольствием ходила на просмотры фильмов/мультфильмов, которые включали в себя обсуждение темы со спикерами-специалистами из области обсуждения.",Да,13,8.0,"Больше, чем в прошлом году",105,Работают или планируют работать,Думали в прошлом году,1.0
289,2026-09-23 12:54:24,466,False,4 курс,Кинопроизводство,МШК,Бакалавриат,,,,16–20,16–20,более 30 часов в неделю,"да, по специальности",более 90 минут,,3,Совмещение учёбы с работой; Дорога и режим дня,,Курсовая работа или ВКР; Работа по специальности; Другое (свой вариант),Получить знания!!!,Думал(а) об академическом отпуске,,Практики и проектной работы,,Участвую в творческих или общественных проектах,,,,,,,,,,"Дополучить все знания и практические тоже, которые мы не получили за все предыдущие 3 года.",Занятость.,"Никаких, мне нужны знания и практика",Предпочли не отвечать,18,18.0,"Столько же, сколько в прошлом году",105,Работают или планируют работать,Думали в прошлом году,1.0
290,2026-09-23 12:55:43,643,False,4 курс,Кинопроизводство,МШК,Бакалавриат,,,,16–20,16–20,более 30 часов в неделю,смежная сфера,60–90 минут,,1,Доступ к оборудованию и профильному ПО; Другое (свой вариант),"Работа администрации университета, координаторов",Собрать портфолио; Стажировка; Подтянуть базовые навыки,,Думал(а) о переводе в другой вуз; Думал(а) об отчислении из университета; Думаю об этом сейчас,,Контактов с индустрией; Помощи с трудоустройством; Другое (свой вариант),"Отсутствие диалога со студентами со стороны руководства школы. Те, кто принимают решения, нас не слышат",Играю в шахматы или другие интеллектуальные игры; Занимаюсь спортом; Участвую в творческих или общественных проектах,,,,,,,,,,"Все ожидания были разрушены отсутствием расписания, списка преподавателей и координатором. Ни на какие вопросы никто не отвечает. Нам обещали компенсировать недостачи прошлых лет обучения за полгода 3 курса и 4 курс. Никаких надежд на это уже нет. Нас все бросили, развели на деньги. В отношении университета только злость и негодование","Отвратительное отношение к студентам со стороны руководства, отвратительной мастер Поморин, отсутствие нормальной техники в рентале. Дурацкие отписки со стороны администраторов. Никакой помощи в трудоустройстве и стажировках.",,Да,18,18.0,"Столько же, сколько в прошлом году",75,Работают или планируют работать,Думают сейчас,1.0
291,2026-09-23 12:58:08,348,False,4 курс,Кинопроизводство,МШК,Бакалавриат,,,,11–15,1–5,пока не знаю,,60–90 минут,,2,"Дорога и режим дня; Доступ к оборудованию и профильному ПО; Обратиться за помощью, когда что-то непонятно",,Стажировка; Работа по специальности; Собственный проект,,Думал(а) об отчислении из университета,,Практики и проектной работы; Контактов с индустрией; Помощи с трудоустройством,,Занимаюсь спортом; Участвую в творческих или общественных проектах,,,,,,,,,,"Что мы пробный курс и всем кто младше дают и преподавателей классных и много важных пар. У нас же Фатахов будет лить воду уже который год, непонимание профессии абсолютное. Почти все знания я получила от других людей, самостоятельно выбираясь куда-то, так как вуз почти ничего не дал. Отдельное спасибо за Дениса Родимина и Наталью Тетенову - единственные преподаватели, которые за прошлый год дали мне знания.","Отсутсвие четкой структуры занятий. На большинстве пар не дают нормальной информации, количество часов в неделю - критически маленькое","Нормальная стажировка: этим летом мне посчистливидось попасть на стажировку в Амедиа. Но по факту нам не дали ничего: сказали собрать несколько мудбордов на проект, который вот вот уже вступит в сьемочный период - следовательно с какие-то рандомные мудборды от рандомной студентки никому не нужны. Хочется классной нормальной практики",Предпочли не отвечать,13,3.0,"Больше, чем в прошлом году",75,Пока не знают,Думали в прошлом году,1.0
292,2026-09-23 13:01:01,1025,False,4 курс,Кинопроизводство,МШК,Бакалавриат,,,,16–20,21–25,уже работаю полный день,смежная сфера,60–90 минут,,1,"Организация собственного времени; Доступ к оборудованию и профильному ПО; Обратиться за помощью, когда что-то непонятно",,Стажировка; Работа по специальности; Подтянуть базовые навыки,,Думал(а) о переводе в другой вуз; Думал(а) об отчислении из университета; Думаю об этом сейчас,,Доступа к оборудованию и студиям; Контактов с индустрией; Помощи с трудоустройством,,Не играю и ничем из перечисленного не занимаюсь,,,,,,,,,,"Никакие. Мы даже расписание не можем получить. На нас как на выпускников забили хуй. Все координаторы, руководство, мастера. Только Ия ещё на связи. Это говно за 650 тысяч в год.",Отвратительная программа и коммуникация с универом,Займетесь организацией учебных активностей плиз,Нет,18,23.0,"Меньше, чем в прошлом году",75,Работают или планируют работать,Думают сейчас,1.0
295,2026-09-23 13:32:35,382,False,4 курс,Кинопроизводство,МШК,Бакалавриат,,,,1–5,1–5,11–20 часов в неделю,смежная сфера,30–60 минут,Нет,1,"Обратиться за помощью, когда что-то непонятно; Другое (свой вариант)",самое трудное чтобы администрация сделала хорошее расписание с хорошими педагогами,"Собрать портфолио; Конкурсы, фестивали, соревнования; Другое (свой вариант)",в приоритете чтобы университет помог профинансировать дипломную работу,Думал(а) о переводе в другой вуз; Думал(а) об отчислении из университета; Думаю об этом сейчас,,Практики и проектной работы; Контактов с индустрией; Другое (свой вариант),"никаких контактов с инустрией, курс состоит из 32 режиссеров, никакого контакта с ДПО и другими спеуиальностями, никакого знакомства с индустрией, индустриальных питчингов с продюсерами, связей с другими программами дпо и тд вообщем да всего не хватает",Играю в шахматы или другие интеллектуальные игры,,,,,,,,,Хотелось бы чтобы вы сначала разобрались с учебной программой а потом интересовались внеклассной,ожидание что администрация сделает хорошее расписание с классными педагогами и полезной информацией а не 2 пары по профильному предмету в неделю,"отсутствие какой-либо заинтересованности в совершенствовании программы университетом, желание только заработать деньги, отдать плохих педагогов, отсутствие помощи университета в выполнении ВКР, были в павильоне ОДИН раз за 4 года",разберитесь с учебной частью!!!!,Нет,3,3.0,"Столько же, сколько в прошлом году",45,Работают или планируют работать,Думают сейчас,1.0
298,2026-09-23 15:22:55,339,False,4 курс,Кинопроизводство,МШК,Бакалавриат,,,,16–20,11–15,21–30 часов в неделю,"да, по специальности",30–60 минут,,4,Совмещение учёбы с работой; Другое (свой вариант),Получить достаточный уровень знаний перед выпуском.,Собрать портфолио; Курсовая работа или ВКР; Работа по специальности,,Предпочитаю не отвечать,,Контактов с индустрией; Помощи с трудоустройством; Другое (свой вариант),Организации и объема знаний,Занимаюсь спортом; Участвую в творческих или общественных проектах,,,,,,,,,,Хочу получить недостающие знания по специальности. Последний учебный год. Не хватает актуальных знаний о киноиндустрии.,,"Конкурсы, премии, стажировки, мастер-классы",Нет,18,13.0,"Больше, чем в прошлом году",45,Работают или планируют работать,Предпочли не отвечать,
306,2026-09-24 12:58:12,99,False,4 курс,Кинопроизводство,МШК,Бакалавриат,,,,6–10,6–10,21–30 часов в неделю,смежная сфера,60–90 минут,,4,Совмещение учёбы с работой; Дорога и режим дня; Доступ к оборудованию и профильному ПО,,Собрать портфолио; Работа по специальности; Подтянуть базовые навыки,,Думал(а) об отчислении из университета,,Доступа к оборудованию и студиям; Контактов с индустрией; Понятных требований к работам,,Занимаюсь спортом,,,,,,,,,,,,,Нет,8,8.0,"Столько же, сколько в прошлом году",75,Работают или планируют работать,Думали в прошлом году,1.0
221,2026-09-22 10:05:37,385,False,4 курс,Компьютерная музыка и аранжировка,МШМ,Бакалавриат,,,,6–10,11–15,21–30 часов в неделю,"нет, ради заработка",30–60 минут,,4,Организация собственного времени; Совмещение учёбы с работой; Другое (свой вариант),Обстановка в мире и выживание,"Собрать портфолио; Стажировка; Конкурсы, фестивали, соревнования",,"Нет, не думал(а)",,Контактов с индустрией; Помощи с трудоустройством; Другое (свой вариант),Актерского мастерства и опыта выступления для новичков,Занимаюсь спортом,,,,,,,,,,"Хочу повысить свои скиллы настолько, чтобы начать работать по профессии",,,Да,8,13.0,"Меньше, чем в прошлом году",45,Работают или планируют работать,Не думали,0.0
226,2026-09-22 10:53:15,168,False,4 курс,Компьютерная музыка и аранжировка,МШМ,Бакалавриат,,,,1–5,1–5,11–20 часов в неделю,"нет, ради заработка",60–90 минут,"Да, участвовать",5,Совмещение учёбы с работой; Сессия и экзамены; Публичные защиты и выступления,,Закрыть сессии без задолженностей,,Думал(а) о переводе в другой вуз,,Контактов с индустрией; Гибкости в выборе дисциплин,,Играю в одиночные компьютерные игры; Играю в мобильные игры; Играю в шахматы или другие интеллектуальные игры,,,,,,,,шахматы,,,,,Предпочли не отвечать,3,3.0,"Столько же, сколько в прошлом году",75,Работают или планируют работать,Думали в прошлом году,1.0
227,2026-09-22 11:30:39,275,False,4 курс,Компьютерная музыка и аранжировка,МШМ,Бакалавриат,,,,1–5,1–5,11–20 часов в неделю,"нет, ради заработка",30–60 минут,,5,Совмещение учёбы с работой; Сессия и экзамены,,Курсовая работа или ВКР; Собственный проект,,Думал(а) о переводе в другой вуз,,Доступа к оборудованию и студиям; Практики и проектной работы; Гибкости в выборе дисциплин,,Занимаюсь спортом; Участвую в творческих или общественных проектах,,,,,,,,,,благополучно защитить диплом,не попадание программы под мои потребности,в шоукейсах,Нет,3,3.0,"Столько же, сколько в прошлом году",45,Работают или планируют работать,Думали в прошлом году,1.0
117,2026-09-14 15:32:27,212,False,4 курс,Промышленный дизайн,БВШД,Бакалавриат,,,,16–20,16–20,до 10 часов в неделю,смежная сфера,30–60 минут,,4,Организация собственного времени; Совмещение учёбы с работой; Английский язык,,Курсовая работа или ВКР; Стажировка; Собственный проект,,"Нет, не думал(а)",,Доступа к оборудованию и студиям; Практики и проектной работы; Помощи с трудоустройством,,Занимаюсь спортом,,,,,,,,,,,,Хакатон,Нет,18,18.0,"Столько же, сколько в прошлом году",45,Работают или планируют работать,Не думали,0.0
140,2026-09-14 15:39:27,613,False,4 курс,Современное искусство,БВШД,Бакалавриат,,,,1–5,16–20,более 30 часов в неделю,смежная сфера,30–60 минут,,4,"Организация собственного времени; Обратиться за помощью, когда что-то непонятно",,"Собрать портфолио; Собственный проект; Найти круг общения, влиться в среду",,Думал(а) о переводе на другую программу внутри университета; Думал(а) о переводе в другой вуз,,Контактов с индустрией; Помощи с трудоустройством; Другое (свой вариант),"Хочется чтобы были более прикладные занятие, хочется научиться каким-то базовым инструментам, а не только теории",Занимаюсь спортом; Участвую в творческих или общественных проектах,,,,,,,,,,"Хочу научиться новым техникам, участвовать в выставках которые дадут какой-то буст как художнику, и дойти до более сформированной практики художника, с которой я смогу дальше выставляться, учавствовать в резиденциях и тд","Сомнения насчет востребованности профессии художника ( хотела уйти в продукт диз) и желание приобрести более прикладные навыки это что касается перевода внутри программы, еще думала перевестись в вышку, так как они предлагают как будто большие возможности","Любые спортивные мероприятия, бег, йога, велик, пинг-понг, хайкинг, и что-то связанное с живой музыкой,",Нет,3,18.0,"Меньше, чем в прошлом году",45,Работают или планируют работать,Думали в прошлом году,1.0
205,2026-09-21 20:27:09,152,False,4 курс,Современное искусство,БВШД,Бакалавриат,,,,16–20,6–10,пока не знаю,,60–90 минут,,4,Организация собственного времени; Дорога и режим дня; Публичные защиты и выступления,,Закрыть сессии без задолженностей; Курсовая работа или ВКР; Собственный проект,,"Нет, не думал(а)",,Контактов с индустрией; Помощи с трудоустройством,,Участвую в творческих или общественных проектах,,,,,,,,,,,,,Предпочли не отвечать,18,8.0,"Больше, чем в прошлом году",75,Пока не знают,Не думали,0.0
213,2026-09-22 01:05:48,911,False,4 курс,Современное искусство,БВШД,Бакалавриат,,,,1–5,6–10,пока не знаю,,30–60 минут,,5,Организация собственного времени; Объём и темп нагрузки; Совмещение учёбы с работой,,Закрыть сессии без задолженностей; Курсовая работа или ВКР; Другое (свой вариант),диплом !!!!!!!!!!,"Нет, не думал(а)",,Всего хватает,,Не играю и ничем из перечисленного не занимаюсь,,,,,,,,,,1. рособрнадзору нанести ответный удар и получить аккредитацию 2. написать диплом о котором потом будут слагать легенды 🫡,,"маркет, где можно продать свои штуки",Да,3,8.0,"Меньше, чем в прошлом году",45,Пока не знают,Не думали,0.0
